,Level,Title,Page,Destination Dict,kind,page,to,xref,zoom,article,chapter,division,level,level-number,name,section,Level Number,Key,link,Last Page,Page Count
0,3,Division 23-6E-5: Appeal,1,"{'to': Point(0.0, 792.0), 'kind': 1, 'xref': 0, 'page': 0, 'zoom': 0.0}",1,0,"Point(0.0, 792.0)",0,0.0,E,6,5,division,3,Appeal,,5,23-6E-5,https://ldc.aura-atx.org/pdf/plain-code.pdf#page=1,1,0
1,3,Division 23-7D-1: Enforcement,1,"{'to': Point(0.0, 792.0), 'kind': 1, 'xref': 0, 'page': 0, 'zoom': 0.0}",1,0,"Point(0.0, 792.0)",0,0.0,D,7,1,division,3,Enforcement,,1,23-7D-1,https://ldc.aura-atx.org/pdf/plain-code.pdf#page=1,1,0
2,3,Division 23-9E-5: Responsibilities of Applicant or Owner ,1,"{'to': Point(0.0, 792.0), 'kind': 1, 'xref': 0, 'page': 0, 'zoom': 0.0}",1,0,"Point(0.0, 792.0)",0,0.0,E,9,5,division,3,Responsibilities of Applicant or Owner ,,5,23-9E-5,https://ldc.aura-atx.org/pdf/plain-code.pdf#page=1,1,0
3,3,Division 23-9F-1: General Provisions,1,"{'to': Point(0.0, 792.0), 'kind': 1, 'xref': 0, 'page': 0, 'zoom': 0.0}",1,0,"Point(0.0, 792.0)",0,0.0,F,9,1,division,3,General Provisions,,1,23-9F-1,https://ldc.aura-atx.org/pdf/plain-code.pdf#page=1,1,0
4,3,Division 23-10B-6: Plumbing Code,1,"{'to': Point(0.0, 792.0), 'kind': 1, 'xref': 0, 'page': 0, 'zoom': 0.0}",1,0,"Point(0.0, 792.0)",0,0.0,B,10,6,division,3,Plumbing Code,,6,23-10B-6,https://ldc.aura-atx.org/pdf/plain-code.pdf#page=1,13,12
5,1,Chapter 23-1: Introduction,13,"{'to': Point(0.0, 792.0), 'kind': 1, 'xref': 0, 'page': 12, 'zoom': 0.0}",1,12,"Point(0.0, 792.0)",0,0.0,,1,,chapter,1,Introduction,,1,23-1,https://ldc.aura-atx.org/pdf/plain-code.pdf#page=13,51,38
6,2,Article 23-1A: General Provisions,17,"{'to': Point(0.0, 792.0), 'kind': 1, 'xref': 0, 'page': 16, 'zoom': 0.0}",1,16,"Point(0.0, 792.0)",0,0.0,A,1,,article,2,General Provisions,,A,23-1A,https://ldc.aura-atx.org/pdf/plain-code.pdf#page=17,33,16
7,3,"Division 23-1A-1: Title, Purpose, and Scope",19,"{'to': Point(0.0, 792.0), 'kind': 1, 'xref': 0, 'page': 18, 'zoom': 0.0}",1,18,"Point(0.0, 792.0)",0,0.0,A,1,1,division,3,"Title, Purpose, and Scope",,1,23-1A-1,https://ldc.aura-atx.org/pdf/plain-code.pdf#page=19,23,4
8,3,Division 23-1A-2: Authority,23,"{'to': Point(0.0, 792.0), 'kind': 1, 'xref': 0, 'page': 22, 'zoom': 0.0}",1,22,"Point(0.0, 792.0)",0,0.0,A,1,2,division,3,Authority,,2,23-1A-2,https://ldc.aura-atx.org/pdf/plain-code.pdf#page=23,25,2
9,3,Division 23-1A-3: Classification of Applications and Decisions,25,"{'to': Point(0.0, 792.0), 'kind': 1, 'xref': 0, 'page': 24, 'zoom': 0.0}",1,24,"Point(0.0, 792.0)",0,0.0,A,1,3,division,3,Classification of Applications and Decisions,,3,23-1A-3,https://ldc.aura-atx.org/pdf/plain-code.pdf#page=25,29,4
10,3,Division 23-1A-4: Consistency with Comprehensive Plan,29,"{'to': Point(0.0, 792.0), 'kind': 1, 'xref': 0, 'page': 28, 'zoom': 0.0}",1,28,"Point(0.0, 792.0)",0,0.0,A,1,4,division,3,Consistency with Comprehensive Plan,,4,23-1A-4,https://ldc.aura-atx.org/pdf/plain-code.pdf#page=29,31,2
11,3,Division 23-1A-5: Rules of Interpretation,31,"{'to': Point(0.0, 792.0), 'kind': 1, 'xref': 0, 'page': 30, 'zoom': 0.0}",1,30,"Point(0.0, 792.0)",0,0.0,A,1,5,division,3,Rules of Interpretation,,5,23-1A-5,https://ldc.aura-atx.org/pdf/plain-code.pdf#page=31,33,2
12,2,Article 23-1B: Responsibility for Administration,33,"{'to': Point(0.0, 792.0), 'kind': 1, 'xref': 0, 'page': 32, 'zoom': 0.0}",1,32,"Point(0.0, 792.0)",0,0.0,B,1,,article,2,Responsibility for Administration,,B,23-1B,https://ldc.aura-atx.org/pdf/plain-code.pdf#page=33,51,18
13,3,Division 23-1B-1: City Council,35,"{'to': Point(0.0, 792.0), 'kind': 1, 'xref': 0, 'page': 34, 'zoom': 0.0}",1,34,"Point(0.0, 792.0)",0,0.0,B,1,1,division,3,City Council,,1,23-1B-1,https://ldc.aura-atx.org/pdf/plain-code.pdf#page=35,37,2
14,3,Division 23-1B-2: Boards and Commissions,37,"{'to': Point(0.0, 792.0), 'kind': 1, 'xref': 0, 'page': 36, 'zoom': 0.0}",1,36,"Point(0.0, 792.0)",0,0.0,B,1,2,division,3,Boards and Commissions,,2,23-1B-2,https://ldc.aura-atx.org/pdf/plain-code.pdf#page=37,43,6
15,3,Division 23-1B-3: Administration,43,"{'to': Point(0.0, 792.0), 'kind': 1, 'xref': 0, 'page': 42, 'zoom': 0.0}",1,42,"Point(0.0, 792.0)",0,0.0,B,1,3,division,3,Administration,,3,23-1B-3,https://ldc.aura-atx.org/pdf/plain-code.pdf#page=43,47,4
16,3,Division 23-1B-4: Neighborhood Planning,47,"{'to': Point(0.0, 792.0), 'kind': 1, 'xref': 0, 'page': 46, 'zoom': 0.0}",1,46,"Point(0.0, 792.0)",0,0.0,B,1,4,division,3,Neighborhood Planning,,4,23-1B-4,https://ldc.aura-atx.org/pdf/plain-code.pdf#page=47,51,4
17,1,Chapter 23-2: Administration & Procedures,51,"{'to': Point(0.0, 792.0), 'kind': 1, 'xref': 0, 'page': 50, 'zoom': 0.0}",1,50,"Point(0.0, 792.0)",0,0.0,,2,,chapter,1,Administration & Procedures,,2,23-2,https://ldc.aura-atx.org/pdf/plain-code.pdf#page=51,209,158
18,2,Article 23-2A: General Provisions,61,"{'to': Point(0.0, 792.0), 'kind': 1, 'xref': 0, 'page': 60, 'zoom': 0.0}",1,60,"Point(0.0, 792.0)",0,0.0,A,2,,article,2,General Provisions,,A,23-2A,https://ldc.aura-atx.org/pdf/plain-code.pdf#page=61,71,10
19,3,Division 23-2A-1: Purpose and Applicability,63,"{'to': Point(0.0, 792.0), 'kind': 1, 'xref': 0, 'page': 62, 'zoom': 0.0}",1,62,"Point(0.0, 792.0)",0,0.0,A,2,1,division,3,Purpose and Applicability,,1,23-2A-1,https://ldc.aura-atx.org/pdf/plain-code.pdf#page=63,69,6
20,3,Division 23-2A-2: Development Process,69,"{'to': Point(0.0, 792.0), 'kind': 1, 'xref': 0, 'page': 68, 'zoom': 0.0}",1,68,"Point(0.0, 792.0)",0,0.0,A,2,2,division,3,Development Process,,2,23-2A-2,https://ldc.aura-atx.org/pdf/plain-code.pdf#page=69,71,2
21,2,Article 23-2B: Scope of Regulations,71,"{'to': Point(0.0, 792.0), 'kind': 1, 'xref': 0, 'page': 70, 'zoom': 0.0}",1,70,"Point(0.0, 792.0)",0,0.0,B,2,,article,2,Scope of Regulations,,B,23-2B,https://ldc.aura-atx.org/pdf/plain-code.pdf#page=71,81,10
22,3,Division 23-2B-1: General Provisions,73,"{'to': Point(0.0, 792.0), 'kind': 1, 'xref': 0, 'page': 72, 'zoom': 0.0}",1,72,"Point(0.0, 792.0)",0,0.0,B,2,1,division,3,General Provisions,,1,23-2B-1,https://ldc.aura-atx.org/pdf/plain-code.pdf#page=73,75,2
23,3,Division 23-2B-2: Residential Development Regulations,75,"{'to': Point(0.0, 792.0), 'kind': 1, 'xref': 0, 'page': 74, 'zoom': 0.0}",1,74,"Point(0.0, 792.0)",0,0.0,B,2,2,division,3,Residential Development Regulations,,2,23-2B-2,https://ldc.aura-atx.org/pdf/plain-code.pdf#page=75,79,4
24,3,Division 23-2B-3: Development Regulations Specific to Applications,79,"{'to': Point(0.0, 792.0), 'kind': 1, 'xref': 0, 'page': 78, 'zoom': 0.0}",1,78,"Point(0.0, 792.0)",0,0.0,B,2,3,division,3,Development Regulations Specific to Applications,,3,23-2B-3,https://ldc.aura-atx.org/pdf/plain-code.pdf#page=79,81,2
25,2,Article 23-2C: Application Review & Process,81,"{'to': Point(0.0, 792.0), 'kind': 1, 'xref': 0, 'page': 80, 'zoom': 0.0}",1,80,"Point(0.0, 792.0)",0,0.0,C,2,,article,2,Application Review & Process,,C,23-2C,https://ldc.aura-atx.org/pdf/plain-code.pdf#page=81,101,20
26,3,Division 23-2C-1: General Provisions,83,"{'to': Point(0.0, 792.0), 'kind': 1, 'xref': 0, 'page': 82, 'zoom': 0.0}",1,82,"Point(0.0, 792.0)",0,0.0,C,2,1,division,3,General Provisions,,1,23-2C-1,https://ldc.aura-atx.org/pdf/plain-code.pdf#page=83,89,6
27,3,Division 23-2C-2: Procedures for Non-Subdivision Applications,89,"{'to': Point(0.0, 792.0), 'kind': 1, 'xref': 0, 'page': 88, 'zoom': 0.0}",1,88,"Point(0.0, 792.0)",0,0.0,C,2,2,division,3,Procedures for Non-Subdivision Applications,,2,23-2C-2,https://ldc.aura-atx.org/pdf/plain-code.pdf#page=89,93,4
28,3,Division 23-2C-3: Procedures for Subdivision Applications,93,"{'to': Point(0.0, 792.0), 'kind': 1, 'xref': 0, 'page': 92, 'zoom': 0.0}",1,92,"Point(0.0, 792.0)",0,0.0,C,2,3,division,3,Procedures for Subdivision Applications,,3,23-2C-3,https://ldc.aura-atx.org/pdf/plain-code.pdf#page=93,97,4
29,3,Division 23-2C-4: Fees and Fiscal Surety,97,"{'to': Point(0.0, 792.0), 'kind': 1, 'xref': 0, 'page': 96, 'zoom': 0.0}",1,96,"Point(0.0, 792.0)",0,0.0,C,2,4,division,3,Fees and Fiscal Surety,,4,23-2C-4,https://ldc.aura-atx.org/pdf/plain-code.pdf#page=97,99,2
30,3,Division 23-2C-5: Certificates of Occupancy & Compliance,99,"{'to': Point(0.0, 792.0), 'kind': 1, 'xref': 0, 'page': 98, 'zoom': 0.0}",1,98,"Point(0.0, 792.0)",0,0.0,C,2,5,division,3,Certificates of Occupancy & Compliance,,5,23-2C-5,https://ldc.aura-atx.org/pdf/plain-code.pdf#page=99,101,2
31,2,Article 23-2D: Notice,101,"{'to': Point(0.0, 792.0), 'kind': 1, 'xref': 0, 'page': 100, 'zoom': 0.0}",1,100,"Point(0.0, 792.0)",0,0.0,D,2,,article,2,Notice,,D,23-2D,https://ldc.aura-atx.org/pdf/plain-code.pdf#page=101,113,12
32,3,Division 23-2D-1: General Provisions,103,"{'to': Point(0.0, 792.0), 'kind': 1, 'xref': 0, 'page': 102, 'zoom': 0.0}",1,102,"Point(0.0, 792.0)",0,0.0,D,2,1,division,3,General Provisions,,1,23-2D-1,https://ldc.aura-atx.org/pdf/plain-code.pdf#page=103,105,2
33,3,Division 23-2D-2: Notice Requirements,105,"{'to': Point(0.0, 792.0), 'kind': 1, 'xref': 0, 'page': 104, 'zoom': 0.0}",1,104,"Point(0.0, 792.0)",0,0.0,D,2,2,division,3,Notice Requirements,,2,23-2D-2,https://ldc.aura-atx.org/pdf/plain-code.pdf#page=105,107,2
34,3,Division 23-2D-3: General Notice Procedures,107,"{'to': Point(0.0, 792.0), 'kind': 1, 'xref': 0, 'page': 106, 'zoom': 0.0}",1,106,"Point(0.0, 792.0)",0,0.0,D,2,3,division,3,General Notice Procedures,,3,23-2D-3,https://ldc.aura-atx.org/pdf/plain-code.pdf#page=107,109,2
35,3,Division 23-2D-4: Notice of Public Hearings,109,"{'to': Point(0.0, 792.0), 'kind': 1, 'xref': 0, 'page': 108, 'zoom': 0.0}",1,108,"Point(0.0, 792.0)",0,0.0,D,2,4,division,3,Notice of Public Hearings,,4,23-2D-4,https://ldc.aura-atx.org/pdf/plain-code.pdf#page=109,111,2
36,3,Division 23-2D-5: Notice of Applications and Administrative Decisions,111,"{'to': Point(0.0, 792.0), 'kind': 1, 'xref': 0, 'page': 110, 'zoom': 0.0}",1,110,"Point(0.0, 792.0)",0,0.0,D,2,5,division,3,Notice of Applications and Administrative Decisions,,5,23-2D-5,https://ldc.aura-atx.org/pdf/plain-code.pdf#page=111,113,2
37,2,Article 23-2E: Public Hearings,113,"{'to': Point(0.0, 792.0), 'kind': 1, 'xref': 0, 'page': 112, 'zoom': 0.0}",1,112,"Point(0.0, 792.0)",0,0.0,E,2,,article,2,Public Hearings,,E,23-2E,https://ldc.aura-atx.org/pdf/plain-code.pdf#page=113,119,6
38,3,Division 23-2E-1: Conduct of Public Hearings,115,"{'to': Point(0.0, 792.0), 'kind': 1, 'xref': 0, 'page': 114, 'zoom': 0.0}",1,114,"Point(0.0, 792.0)",0,0.0,E,2,1,division,3,Conduct of Public Hearings,,1,23-2E-1,https://ldc.aura-atx.org/pdf/plain-code.pdf#page=115,117,2
39,3,Division 23-2E-2: Timing and Location of Public Hearings,117,"{'to': Point(0.0, 792.0), 'kind': 1, 'xref': 0, 'page': 116, 'zoom': 0.0}",1,116,"Point(0.0, 792.0)",0,0.0,E,2,2,division,3,Timing and Location of Public Hearings,,2,23-2E-2,https://ldc.aura-atx.org/pdf/plain-code.pdf#page=117,119,2
40,2,Article 23-2F: Legislative Amendments,119,"{'to': Point(0.0, 792.0), 'kind': 1, 'xref': 0, 'page': 118, 'zoom': 0.0}",1,118,"Point(0.0, 792.0)",0,0.0,F,2,,article,2,Legislative Amendments,,F,23-2F,https://ldc.aura-atx.org/pdf/plain-code.pdf#page=119,131,12
41,3,Division 23-2F-1: Text Amendments,121,"{'to': Point(0.0, 792.0), 'kind': 1, 'xref': 0, 'page': 120, 'zoom': 0.0}",1,120,"Point(0.0, 792.0)",0,0.0,F,2,1,division,3,Text Amendments,,1,23-2F-1,https://ldc.aura-atx.org/pdf/plain-code.pdf#page=121,125,4
42,3,Division 23-2F-2: Plan and Map Amendments,125,"{'to': Point(0.0, 792.0), 'kind': 1, 'xref': 0, 'page': 124, 'zoom': 0.0}",1,124,"Point(0.0, 792.0)",0,0.0,F,2,2,division,3,Plan and Map Amendments,,2,23-2F-2,https://ldc.aura-atx.org/pdf/plain-code.pdf#page=125,131,6
43,2,Article 23-2G: Quasi-Judicial and Administrative Relief,131,"{'to': Point(0.0, 792.0), 'kind': 1, 'xref': 0, 'page': 130, 'zoom': 0.0}",1,130,"Point(0.0, 792.0)",0,0.0,G,2,,article,2,Quasi-Judicial and Administrative Relief,,G,23-2G,https://ldc.aura-atx.org/pdf/plain-code.pdf#page=131,147,16
44,3,Division 23-2G-1: Variances and Special Exceptions,133,"{'to': Point(0.0, 792.0), 'kind': 1, 'xref': 0, 'page': 132, 'zoom': 0.0}",1,132,"Point(0.0, 792.0)",0,0.0,G,2,1,division,3,Variances and Special Exceptions,,1,23-2G-1,https://ldc.aura-atx.org/pdf/plain-code.pdf#page=133,137,4
45,3,Division 23-2G-2: Administrative Relief Procedures,137,"{'to': Point(0.0, 792.0), 'kind': 1, 'xref': 0, 'page': 136, 'zoom': 0.0}",1,136,"Point(0.0, 792.0)",0,0.0,G,2,2,division,3,Administrative Relief Procedures,,2,23-2G-2,https://ldc.aura-atx.org/pdf/plain-code.pdf#page=137,143,6
46,3,Division 23-2G-3: Limited Adjustments,143,"{'to': Point(0.0, 792.0), 'kind': 1, 'xref': 0, 'page': 142, 'zoom': 0.0}",1,142,"Point(0.0, 792.0)",0,0.0,G,2,3,division,3,Limited Adjustments,,3,23-2G-3,https://ldc.aura-atx.org/pdf/plain-code.pdf#page=143,147,4
47,2,Article 23-2H: Nonconformity,147,"{'to': Point(0.0, 792.0), 'kind': 1, 'xref': 0, 'page': 146, 'zoom': 0.0}",1,146,"Point(0.0, 792.0)",0,0.0,H,2,,article,2,Nonconformity,,H,23-2H,https://ldc.aura-atx.org/pdf/plain-code.pdf#page=147,163,16
48,3,Division 23-2H-1: General Provisions,149,"{'to': Point(0.0, 792.0), 'kind': 1, 'xref': 0, 'page': 148, 'zoom': 0.0}",1,148,"Point(0.0, 792.0)",0,0.0,H,2,1,division,3,General Provisions,,1,23-2H-1,https://ldc.aura-atx.org/pdf/plain-code.pdf#page=149,157,8
49,3,Division 23-2H-2: Specific Types of Nonconformity,157,"{'to': Point(0.0, 792.0), 'kind': 1, 'xref': 0, 'page': 156, 'zoom': 0.0}",1,156,"Point(0.0, 792.0)",0,0.0,H,2,2,division,3,Specific Types of Nonconformity,,2,23-2H-2,https://ldc.aura-atx.org/pdf/plain-code.pdf#page=157,161,4
50,3,Division 23-2H-3: Compliant Uses,161,"{'to': Point(0.0, 792.0), 'kind': 1, 'xref': 0, 'page': 160, 'zoom': 0.0}",1,160,"Point(0.0, 792.0)",0,0.0,H,2,3,division,3,Compliant Uses,,3,23-2H-3,https://ldc.aura-atx.org/pdf/plain-code.pdf#page=161,163,2
51,2,Article 23-2I: Appeals,163,"{'to': Point(0.0, 792.0), 'kind': 1, 'xref': 0, 'page': 162, 'zoom': 0.0}",1,162,"Point(0.0, 792.0)",0,0.0,I,2,,article,2,Appeals,,I,23-2I,https://ldc.aura-atx.org/pdf/plain-code.pdf#page=163,177,14
52,3,Division 23-2I-1: General Provisions,165,"{'to': Point(0.0, 792.0), 'kind': 1, 'xref': 0, 'page': 164, 'zoom': 0.0}",1,164,"Point(0.0, 792.0)",0,0.0,I,2,1,division,3,General Provisions,,1,23-2I-1,https://ldc.aura-atx.org/pdf/plain-code.pdf#page=165,169,4
53,3,Division 23-2I-2: Initiation and Processing of Appeals,169,"{'to': Point(0.0, 792.0), 'kind': 1, 'xref': 0, 'page': 168, 'zoom': 0.0}",1,168,"Point(0.0, 792.0)",0,0.0,I,2,2,division,3,Initiation and Processing of Appeals,,2,23-2I-2,https://ldc.aura-atx.org/pdf/plain-code.pdf#page=169,171,2
54,3,Division 23-2I-3: Notification and Conduct of Public Hearing,171,"{'to': Point(0.0, 792.0), 'kind': 1, 'xref': 0, 'page': 170, 'zoom': 0.0}",1,170,"Point(0.0, 792.0)",0,0.0,I,2,3,division,3,Notification and Conduct of Public Hearing,,3,23-2I-3,https://ldc.aura-atx.org/pdf/plain-code.pdf#page=171,175,4
55,3,Division 23-2I-4: Action on Appeal,175,"{'to': Point(0.0, 792.0), 'kind': 1, 'xref': 0, 'page': 174, 'zoom': 0.0}",1,174,"Point(0.0, 792.0)",0,0.0,I,2,4,division,3,Action on Appeal,,4,23-2I-4,https://ldc.aura-atx.org/pdf/plain-code.pdf#page=175,177,2
56,2,Article 23-2J: Enforcement,177,"{'to': Point(0.0, 792.0), 'kind': 1, 'xref': 0, 'page': 176, 'zoom': 0.0}",1,176,"Point(0.0, 792.0)",0,0.0,J,2,,article,2,Enforcement,,J,23-2J,https://ldc.aura-atx.org/pdf/plain-code.pdf#page=177,193,16
57,3,Division 23-2J-1: General Provisions,179,"{'to': Point(0.0, 792.0), 'kind': 1, 'xref': 0, 'page': 178, 'zoom': 0.0}",1,178,"Point(0.0, 792.0)",0,0.0,J,2,1,division,3,General Provisions,,1,23-2J-1,https://ldc.aura-atx.org/pdf/plain-code.pdf#page=179,183,4
58,3,Division 23-2J-2: Suspension and Revocation,183,"{'to': Point(0.0, 792.0), 'kind': 1, 'xref': 0, 'page': 182, 'zoom': 0.0}",1,182,"Point(0.0, 792.0)",0,0.0,J,2,2,division,3,Suspension and Revocation,,2,23-2J-2,https://ldc.aura-atx.org/pdf/plain-code.pdf#page=183,187,4
59,3,Division 23-2J-3: Enforcement Orders,187,"{'to': Point(0.0, 792.0), 'kind': 1, 'xref': 0, 'page': 186, 'zoom': 0.0}",1,186,"Point(0.0, 792.0)",0,0.0,J,2,3,division,3,Enforcement Orders,,3,23-2J-3,https://ldc.aura-atx.org/pdf/plain-code.pdf#page=187,189,2
60,3,Division 23-2J-4: Appeal Procedures,189,"{'to': Point(0.0, 792.0), 'kind': 1, 'xref': 0, 'page': 188, 'zoom': 0.0}",1,188,"Point(0.0, 792.0)",0,0.0,J,2,4,division,3,Appeal Procedures,,4,23-2J-4,https://ldc.aura-atx.org/pdf/plain-code.pdf#page=189,193,4
61,2,Article 23-2K: Vested Rights,193,"{'to': Point(0.0, 792.0), 'kind': 1, 'xref': 0, 'page': 192, 'zoom': 0.0}",1,192,"Point(0.0, 792.0)",0,0.0,K,2,,article,2,Vested Rights,,K,23-2K,https://ldc.aura-atx.org/pdf/plain-code.pdf#page=193,209,16
62,3,Division 23-2K-1: Petition and Review Procedures,195,"{'to': Point(0.0, 792.0), 'kind': 1, 'xref': 0, 'page': 194, 'zoom': 0.0}",1,194,"Point(0.0, 792.0)",0,0.0,K,2,1,division,3,Petition and Review Procedures,,1,23-2K-1,https://ldc.aura-atx.org/pdf/plain-code.pdf#page=195,199,4
63,3,Division 23-2K-2: Vested Rights Determinations,199,"{'to': Point(0.0, 792.0), 'kind': 1, 'xref': 0, 'page': 198, 'zoom': 0.0}",1,198,"Point(0.0, 792.0)",0,0.0,K,2,2,division,3,Vested Rights Determinations,,2,23-2K-2,https://ldc.aura-atx.org/pdf/plain-code.pdf#page=199,205,6
64,3,Division 23-2K-3: Expiration,205,"{'to': Point(0.0, 792.0), 'kind': 1, 'xref': 0, 'page': 204, 'zoom': 0.0}",1,204,"Point(0.0, 792.0)",0,0.0,K,2,3,division,3,Expiration,,3,23-2K-3,https://ldc.aura-atx.org/pdf/plain-code.pdf#page=205,209,4
65,1,Chapter 23-3: Zoning Code,209,"{'to': Point(0.0, 792.0), 'kind': 1, 'xref': 0, 'page': 208, 'zoom': 0.0}",1,208,"Point(0.0, 792.0)",0,0.0,,3,,chapter,1,Zoning Code,,3,23-3,https://ldc.aura-atx.org/pdf/plain-code.pdf#page=209,709,500
66,2,Article 23-3A: Introduction,221,"{'to': Point(0.0, 792.0), 'kind': 1, 'xref': 0, 'page': 220, 'zoom': 0.0}",1,220,"Point(0.0, 792.0)",0,0.0,A,3,,article,2,Introduction,,A,23-3A,https://ldc.aura-atx.org/pdf/plain-code.pdf#page=221,237,16
67,3,Division 23-3A-1: Purpose,223,"{'to': Point(0.0, 792.0), 'kind': 1, 'xref': 0, 'page': 222, 'zoom': 0.0}",1,222,"Point(0.0, 792.0)",0,0.0,A,3,1,division,3,Purpose,,1,23-3A-1,https://ldc.aura-atx.org/pdf/plain-code.pdf#page=223,225,2
68,3,Division 23-3A-2: Establishment of Zones,225,"{'to': Point(0.0, 792.0), 'kind': 1, 'xref': 0, 'page': 224, 'zoom': 0.0}",1,224,"Point(0.0, 792.0)",0,0.0,A,3,2,division,3,Establishment of Zones,,2,23-3A-2,https://ldc.aura-atx.org/pdf/plain-code.pdf#page=225,231,6
69,3,Division 23-3A-3: Zoning Map,231,"{'to': Point(0.0, 792.0), 'kind': 1, 'xref': 0, 'page': 230, 'zoom': 0.0}",1,230,"Point(0.0, 792.0)",0,0.0,A,3,3,division,3,Zoning Map,,3,23-3A-3,https://ldc.aura-atx.org/pdf/plain-code.pdf#page=231,233,2
70,3,Division 23-3A-4: How to Use the Zoning Code,233,"{'to': Point(0.0, 792.0), 'kind': 1, 'xref': 0, 'page': 232, 'zoom': 0.0}",1,232,"Point(0.0, 792.0)",0,0.0,A,3,4,division,3,How to Use the Zoning Code,,4,23-3A-4,https://ldc.aura-atx.org/pdf/plain-code.pdf#page=233,235,2
71,3,Division 23-3A-5: Growth Concept Map and Transit Priority Network,235,"{'to': Point(0.0, 792.0), 'kind': 1, 'xref': 0, 'page': 234, 'zoom': 0.0}",1,234,"Point(0.0, 792.0)",0,0.0,A,3,5,division,3,Growth Concept Map and Transit Priority Network,,5,23-3A-5,https://ldc.aura-atx.org/pdf/plain-code.pdf#page=235,237,2
72,2,Article 23-3B: Zoning Administration and Procedures ,237,"{'to': Point(0.0, 792.0), 'kind': 1, 'xref': 0, 'page': 236, 'zoom': 0.0}",1,236,"Point(0.0, 792.0)",0,0.0,B,3,,article,2,Zoning Administration and Procedures ,,B,23-3B,https://ldc.aura-atx.org/pdf/plain-code.pdf#page=237,263,26
73,3,Division 23-3B-1: Land Use Approvals,239,"{'to': Point(0.0, 792.0), 'kind': 1, 'xref': 0, 'page': 238, 'zoom': 0.0}",1,238,"Point(0.0, 792.0)",0,0.0,B,3,1,division,3,Land Use Approvals,,1,23-3B-1,https://ldc.aura-atx.org/pdf/plain-code.pdf#page=239,247,8
74,3,Division 23-3B-2: Code Interpretations and Use Determinations,247,"{'to': Point(0.0, 792.0), 'kind': 1, 'xref': 0, 'page': 246, 'zoom': 0.0}",1,246,"Point(0.0, 792.0)",0,0.0,B,3,2,division,3,Code Interpretations and Use Determinations,,2,23-3B-2,https://ldc.aura-atx.org/pdf/plain-code.pdf#page=247,251,4
75,3,Division 23-3B-3: Zoning Map Designations and Amendments,251,"{'to': Point(0.0, 792.0), 'kind': 1, 'xref': 0, 'page': 250, 'zoom': 0.0}",1,250,"Point(0.0, 792.0)",0,0.0,B,3,3,division,3,Zoning Map Designations and Amendments,,3,23-3B-3,https://ldc.aura-atx.org/pdf/plain-code.pdf#page=251,259,8
76,3,Division 23-3B-4: Criteria for Variances and Special Exceptions,259,"{'to': Point(0.0, 792.0), 'kind': 1, 'xref': 0, 'page': 258, 'zoom': 0.0}",1,258,"Point(0.0, 792.0)",0,0.0,B,3,4,division,3,Criteria for Variances and Special Exceptions,,4,23-3B-4,https://ldc.aura-atx.org/pdf/plain-code.pdf#page=259,263,4
77,2,Article 23-3C: Zones,263,"{'to': Point(0.0, 792.0), 'kind': 1, 'xref': 0, 'page': 262, 'zoom': 0.0}",1,262,"Point(0.0, 792.0)",0,0.0,C,3,,article,2,Zones,,C,23-3C,https://ldc.aura-atx.org/pdf/plain-code.pdf#page=263,579,316
78,3,Division 23-3C-1: Purpose,267,"{'to': Point(0.0, 792.0), 'kind': 1, 'xref': 0, 'page': 266, 'zoom': 0.0}",1,266,"Point(0.0, 792.0)",0,0.0,C,3,1,division,3,Purpose,,1,23-3C-1,https://ldc.aura-atx.org/pdf/plain-code.pdf#page=267,269,2
79,3,Division 23-3C-2: Land Use Definitions,269,"{'to': Point(0.0, 792.0), 'kind': 1, 'xref': 0, 'page': 268, 'zoom': 0.0}",1,268,"Point(0.0, 792.0)",0,0.0,C,3,2,division,3,Land Use Definitions,,2,23-3C-2,https://ldc.aura-atx.org/pdf/plain-code.pdf#page=269,287,18
80,3,Division 23-3C-3: Residential House-Scale Zones,287,"{'to': Point(0.0, 792.0), 'kind': 1, 'xref': 0, 'page': 286, 'zoom': 0.0}",1,286,"Point(0.0, 792.0)",0,0.0,C,3,3,division,3,Residential House-Scale Zones,,3,23-3C-3,https://ldc.aura-atx.org/pdf/plain-code.pdf#page=287,321,34
81,3,Division 23-3C-4: Residential Multi-Unit Zones,321,"{'to': Point(0.0, 792.0), 'kind': 1, 'xref': 0, 'page': 320, 'zoom': 0.0}",1,320,"Point(0.0, 792.0)",0,0.0,C,3,4,division,3,Residential Multi-Unit Zones,,4,23-3C-4,https://ldc.aura-atx.org/pdf/plain-code.pdf#page=321,361,40
82,3,Division 23-3C-5: Mixed-Use Zones,361,"{'to': Point(0.0, 792.0), 'kind': 1, 'xref': 0, 'page': 360, 'zoom': 0.0}",1,360,"Point(0.0, 792.0)",0,0.0,C,3,5,division,3,Mixed-Use Zones,,5,23-3C-5,https://ldc.aura-atx.org/pdf/plain-code.pdf#page=361,399,38
83,3,Division 23-3C-6: Main Street Zones,399,"{'to': Point(0.0, 792.0), 'kind': 1, 'xref': 0, 'page': 398, 'zoom': 0.0}",1,398,"Point(0.0, 792.0)",0,0.0,C,3,6,division,3,Main Street Zones,,6,23-3C-6,https://ldc.aura-atx.org/pdf/plain-code.pdf#page=399,423,24
84,3,Division 23-3C-7: Regional Center Zones,423,"{'to': Point(0.0, 792.0), 'kind': 1, 'xref': 0, 'page': 422, 'zoom': 0.0}",1,422,"Point(0.0, 792.0)",0,0.0,C,3,7,division,3,Regional Center Zones,,7,23-3C-7,https://ldc.aura-atx.org/pdf/plain-code.pdf#page=423,443,20
85,3,Division 23-3C-8: Commercial and Industrial Zones,443,"{'to': Point(0.0, 792.0), 'kind': 1, 'xref': 0, 'page': 442, 'zoom': 0.0}",1,442,"Point(0.0, 792.0)",0,0.0,C,3,8,division,3,Commercial and Industrial Zones,,8,23-3C-8,https://ldc.aura-atx.org/pdf/plain-code.pdf#page=443,477,34
86,3,Division 23-3C-9: Other Zones,477,"{'to': Point(0.0, 792.0), 'kind': 1, 'xref': 0, 'page': 476, 'zoom': 0.0}",1,476,"Point(0.0, 792.0)",0,0.0,C,3,9,division,3,Other Zones,,9,23-3C-9,https://ldc.aura-atx.org/pdf/plain-code.pdf#page=477,511,34
87,3,Division 23-3C-10: Overlays,511,"{'to': Point(0.0, 792.0), 'kind': 1, 'xref': 0, 'page': 510, 'zoom': 0.0}",1,510,"Point(0.0, 792.0)",0,0.0,C,3,10,division,3,Overlays,,10,23-3C-10,https://ldc.aura-atx.org/pdf/plain-code.pdf#page=511,579,68
88,2,Article 23-3D: Supplemental to Zones ,579,"{'to': Point(0.0, 792.0), 'kind': 1, 'xref': 0, 'page': 578, 'zoom': 0.0}",1,578,"Point(0.0, 792.0)",0,0.0,D,3,,article,2,Supplemental to Zones ,,D,23-3D,https://ldc.aura-atx.org/pdf/plain-code.pdf#page=579,709,130
89,3,Division 23-3D-1: Specific to Use,583,"{'to': Point(0.0, 792.0), 'kind': 1, 'xref': 0, 'page': 582, 'zoom': 0.0}",1,582,"Point(0.0, 792.0)",0,0.0,D,3,1,division,3,Specific to Use,,1,23-3D-1,https://ldc.aura-atx.org/pdf/plain-code.pdf#page=583,629,46
90,3,Division 23-3D-2: Parking and Loading,629,"{'to': Point(0.0, 792.0), 'kind': 1, 'xref': 0, 'page': 628, 'zoom': 0.0}",1,628,"Point(0.0, 792.0)",0,0.0,D,3,2,division,3,Parking and Loading,,2,23-3D-2,https://ldc.aura-atx.org/pdf/plain-code.pdf#page=629,637,8
91,3,Division 23-3D-3: Landscape,637,"{'to': Point(0.0, 792.0), 'kind': 1, 'xref': 0, 'page': 636, 'zoom': 0.0}",1,636,"Point(0.0, 792.0)",0,0.0,D,3,3,division,3,Landscape,,3,23-3D-3,https://ldc.aura-atx.org/pdf/plain-code.pdf#page=637,661,24
92,3,Division 23-3D-4: Open Space,661,"{'to': Point(0.0, 792.0), 'kind': 1, 'xref': 0, 'page': 660, 'zoom': 0.0}",1,660,"Point(0.0, 792.0)",0,0.0,D,3,4,division,3,Open Space,,4,23-3D-4,https://ldc.aura-atx.org/pdf/plain-code.pdf#page=661,665,4
93,3,Division 23-3D-5: Private Frontages,665,"{'to': Point(0.0, 792.0), 'kind': 1, 'xref': 0, 'page': 664, 'zoom': 0.0}",1,664,"Point(0.0, 792.0)",0,0.0,D,3,5,division,3,Private Frontages,,5,23-3D-5,https://ldc.aura-atx.org/pdf/plain-code.pdf#page=665,677,12
94,3,Division 23-3D-6: Building Design Standards,677,"{'to': Point(0.0, 792.0), 'kind': 1, 'xref': 0, 'page': 676, 'zoom': 0.0}",1,676,"Point(0.0, 792.0)",0,0.0,D,3,6,division,3,Building Design Standards,,6,23-3D-6,https://ldc.aura-atx.org/pdf/plain-code.pdf#page=677,687,10
95,3,Division 23-3D-7: Large Site Requirements,687,"{'to': Point(0.0, 792.0), 'kind': 1, 'xref': 0, 'page': 686, 'zoom': 0.0}",1,686,"Point(0.0, 792.0)",0,0.0,D,3,7,division,3,Large Site Requirements,,7,23-3D-7,https://ldc.aura-atx.org/pdf/plain-code.pdf#page=687,691,4
96,3,Division 23-3D-8: Outdoor Lighting,691,"{'to': Point(0.0, 792.0), 'kind': 1, 'xref': 0, 'page': 690, 'zoom': 0.0}",1,690,"Point(0.0, 792.0)",0,0.0,D,3,8,division,3,Outdoor Lighting,,8,23-3D-8,https://ldc.aura-atx.org/pdf/plain-code.pdf#page=691,693,2
97,3,"Division 23-3D-9: Docks, Bulkheads, and Shoreline",693,"{'to': Point(0.0, 792.0), 'kind': 1, 'xref': 0, 'page': 692, 'zoom': 0.0}",1,692,"Point(0.0, 792.0)",0,0.0,D,3,9,division,3,"Docks, Bulkheads, and Shoreline",,9,23-3D-9,https://ldc.aura-atx.org/pdf/plain-code.pdf#page=693,701,8
98,3,Division 23-3D-10: Additional General Standards,701,"{'to': Point(0.0, 792.0), 'kind': 1, 'xref': 0, 'page': 700, 'zoom': 0.0}",1,700,"Point(0.0, 792.0)",0,0.0,D,3,10,division,3,Additional General Standards,,10,23-3D-10,https://ldc.aura-atx.org/pdf/plain-code.pdf#page=701,709,8
99,1,Chapter 23-4: General Planning Requirements,709,"{'to': Point(0.0, 792.0), 'kind': 1, 'xref': 0, 'page': 708, 'zoom': 0.0}",1,708,"Point(0.0, 792.0)",0,0.0,,4,,chapter,1,General Planning Requirements,,4,23-4,https://ldc.aura-atx.org/pdf/plain-code.pdf#page=709,869,160
100,2,Article 23-4A: Purpose and Applicability,717,"{'to': Point(0.0, 792.0), 'kind': 1, 'xref': 0, 'page': 716, 'zoom': 0.0}",1,716,"Point(0.0, 792.0)",0,0.0,A,4,,article,2,Purpose and Applicability,,A,23-4A,https://ldc.aura-atx.org/pdf/plain-code.pdf#page=717,721,4
101,3,Division 23-4A-1:  Purpose and Applicability,719,"{'to': Point(0.0, 792.0), 'kind': 1, 'xref': 0, 'page': 718, 'zoom': 0.0}",1,718,"Point(0.0, 792.0)",0,0.0,A,4,1,division,3, Purpose and Applicability,,1,23-4A-1,https://ldc.aura-atx.org/pdf/plain-code.pdf#page=719,721,2
102,2,Article 23-4B: Parkland Dedication,721,"{'to': Point(0.0, 792.0), 'kind': 1, 'xref': 0, 'page': 720, 'zoom': 0.0}",1,720,"Point(0.0, 792.0)",0,0.0,B,4,,article,2,Parkland Dedication,,B,23-4B,https://ldc.aura-atx.org/pdf/plain-code.pdf#page=721,737,16
103,3,Division 23-4B-1: General Provisions,723,"{'to': Point(0.0, 792.0), 'kind': 1, 'xref': 0, 'page': 722, 'zoom': 0.0}",1,722,"Point(0.0, 792.0)",0,0.0,B,4,1,division,3,General Provisions,,1,23-4B-1,https://ldc.aura-atx.org/pdf/plain-code.pdf#page=723,727,4
104,3,Division 23-4B-2: Dedication,727,"{'to': Point(0.0, 792.0), 'kind': 1, 'xref': 0, 'page': 726, 'zoom': 0.0}",1,726,"Point(0.0, 792.0)",0,0.0,B,4,2,division,3,Dedication,,2,23-4B-2,https://ldc.aura-atx.org/pdf/plain-code.pdf#page=727,733,6
105,3,Division 23-4B-3: Fees,733,"{'to': Point(0.0, 792.0), 'kind': 1, 'xref': 0, 'page': 732, 'zoom': 0.0}",1,732,"Point(0.0, 792.0)",0,0.0,B,4,3,division,3,Fees,,3,23-4B-3,https://ldc.aura-atx.org/pdf/plain-code.pdf#page=733,737,4
106,2,Article 23-4C: Urban Forest Protection and Planting,737,"{'to': Point(0.0, 792.0), 'kind': 1, 'xref': 0, 'page': 736, 'zoom': 0.0}",1,736,"Point(0.0, 792.0)",0,0.0,C,4,,article,2,Urban Forest Protection and Planting,,C,23-4C,https://ldc.aura-atx.org/pdf/plain-code.pdf#page=737,753,16
107,3,Division 23-4C-1: General Provisions,739,"{'to': Point(0.0, 792.0), 'kind': 1, 'xref': 0, 'page': 738, 'zoom': 0.0}",1,738,"Point(0.0, 792.0)",0,0.0,C,4,1,division,3,General Provisions,,1,23-4C-1,https://ldc.aura-atx.org/pdf/plain-code.pdf#page=739,745,6
108,3,"Division 23-4C-2: Small Public, Keystone, and Protected Trees",745,"{'to': Point(0.0, 792.0), 'kind': 1, 'xref': 0, 'page': 744, 'zoom': 0.0}",1,744,"Point(0.0, 792.0)",0,0.0,C,4,2,division,3,"Small Public, Keystone, and Protected Trees",,2,23-4C-2,https://ldc.aura-atx.org/pdf/plain-code.pdf#page=745,749,4
109,3,Division 23-4C-3: Heritage Trees,749,"{'to': Point(0.0, 792.0), 'kind': 1, 'xref': 0, 'page': 748, 'zoom': 0.0}",1,748,"Point(0.0, 792.0)",0,0.0,C,4,3,division,3,Heritage Trees,,3,23-4C-3,https://ldc.aura-atx.org/pdf/plain-code.pdf#page=749,753,4
110,2,Article 23-4D:  Water Quality,753,"{'to': Point(0.0, 792.0), 'kind': 1, 'xref': 0, 'page': 752, 'zoom': 0.0}",1,752,"Point(0.0, 792.0)",0,0.0,D,4,,article,2, Water Quality,,D,23-4D,https://ldc.aura-atx.org/pdf/plain-code.pdf#page=753,821,68
111,3,Division 23-4D-1: General Provisions,757,"{'to': Point(0.0, 792.0), 'kind': 1, 'xref': 0, 'page': 756, 'zoom': 0.0}",1,756,"Point(0.0, 792.0)",0,0.0,D,4,1,division,3,General Provisions,,1,23-4D-1,https://ldc.aura-atx.org/pdf/plain-code.pdf#page=757,763,6
112,3,Division 23-4D-2: Exceptions and Variances,763,"{'to': Point(0.0, 792.0), 'kind': 1, 'xref': 0, 'page': 762, 'zoom': 0.0}",1,762,"Point(0.0, 792.0)",0,0.0,D,4,2,division,3,Exceptions and Variances,,2,23-4D-2,https://ldc.aura-atx.org/pdf/plain-code.pdf#page=763,773,10
113,3,Division 23-4D-3: Impervious Cover,773,"{'to': Point(0.0, 792.0), 'kind': 1, 'xref': 0, 'page': 772, 'zoom': 0.0}",1,772,"Point(0.0, 792.0)",0,0.0,D,4,3,division,3,Impervious Cover,,3,23-4D-3,https://ldc.aura-atx.org/pdf/plain-code.pdf#page=773,783,10
114,3,Division 23-4D-4: Waterway and Floodplain Protection,783,"{'to': Point(0.0, 792.0), 'kind': 1, 'xref': 0, 'page': 782, 'zoom': 0.0}",1,782,"Point(0.0, 792.0)",0,0.0,D,4,4,division,3,Waterway and Floodplain Protection,,4,23-4D-4,https://ldc.aura-atx.org/pdf/plain-code.pdf#page=783,793,10
115,3,Division 23-4D-5: Protection for Special Features,793,"{'to': Point(0.0, 792.0), 'kind': 1, 'xref': 0, 'page': 792, 'zoom': 0.0}",1,792,"Point(0.0, 792.0)",0,0.0,D,4,5,division,3,Protection for Special Features,,5,23-4D-5,https://ldc.aura-atx.org/pdf/plain-code.pdf#page=793,797,4
116,3,Division 23-4D-6: Water Quality Control and Green Stormwater Infrastructure Standards,797,"{'to': Point(0.0, 792.0), 'kind': 1, 'xref': 0, 'page': 796, 'zoom': 0.0}",1,796,"Point(0.0, 792.0)",0,0.0,D,4,6,division,3,Water Quality Control and Green Stormwater Infrastructure Standards,,6,23-4D-6,https://ldc.aura-atx.org/pdf/plain-code.pdf#page=797,803,6
117,3,Division 23-4D-7: Erosion and Sedimentation Control,803,"{'to': Point(0.0, 792.0), 'kind': 1, 'xref': 0, 'page': 802, 'zoom': 0.0}",1,802,"Point(0.0, 792.0)",0,0.0,D,4,7,division,3,Erosion and Sedimentation Control,,7,23-4D-7,https://ldc.aura-atx.org/pdf/plain-code.pdf#page=803,807,4
118,3,Division 23-4D-8: Additional Standards in All Watersheds,807,"{'to': Point(0.0, 792.0), 'kind': 1, 'xref': 0, 'page': 806, 'zoom': 0.0}",1,806,"Point(0.0, 792.0)",0,0.0,D,4,8,division,3,Additional Standards in All Watersheds,,8,23-4D-8,https://ldc.aura-atx.org/pdf/plain-code.pdf#page=807,815,8
119,3,Division 23-4D-9: Save Our Springs Initiative,815,"{'to': Point(0.0, 792.0), 'kind': 1, 'xref': 0, 'page': 814, 'zoom': 0.0}",1,814,"Point(0.0, 792.0)",0,0.0,D,4,9,division,3,Save Our Springs Initiative,,9,23-4D-9,https://ldc.aura-atx.org/pdf/plain-code.pdf#page=815,821,6
120,2,Article 23-4E: Affordable Housing,821,"{'to': Point(0.0, 792.0), 'kind': 1, 'xref': 0, 'page': 820, 'zoom': 0.0}",1,820,"Point(0.0, 792.0)",0,0.0,E,4,,article,2,Affordable Housing,,E,23-4E,https://ldc.aura-atx.org/pdf/plain-code.pdf#page=821,869,48
121,3,Division 23-4E-1: Citywide Affordable Housing Bonus Program,823,"{'to': Point(0.0, 792.0), 'kind': 1, 'xref': 0, 'page': 822, 'zoom': 0.0}",1,822,"Point(0.0, 792.0)",0,0.0,E,4,1,division,3,Citywide Affordable Housing Bonus Program,,1,23-4E-1,https://ldc.aura-atx.org/pdf/plain-code.pdf#page=823,837,14
122,3,Division 23-4E-2: Downtown Density Bonus Program,837,"{'to': Point(0.0, 792.0), 'kind': 1, 'xref': 0, 'page': 836, 'zoom': 0.0}",1,836,"Point(0.0, 792.0)",0,0.0,E,4,2,division,3,Downtown Density Bonus Program,,2,23-4E-2,https://ldc.aura-atx.org/pdf/plain-code.pdf#page=837,851,14
123,3,Division 23-4E-3: Tenant Notification and Relocation,851,"{'to': Point(0.0, 792.0), 'kind': 1, 'xref': 0, 'page': 850, 'zoom': 0.0}",1,850,"Point(0.0, 792.0)",0,0.0,E,4,3,division,3,Tenant Notification and Relocation,,3,23-4E-3,https://ldc.aura-atx.org/pdf/plain-code.pdf#page=851,857,6
124,3,Division 23-4E-4:  S.M.A.R.T. Housing,857,"{'to': Point(0.0, 792.0), 'kind': 1, 'xref': 0, 'page': 856, 'zoom': 0.0}",1,856,"Point(0.0, 792.0)",0,0.0,E,4,4,division,3, S.M.A.R.T. Housing,,4,23-4E-4,https://ldc.aura-atx.org/pdf/plain-code.pdf#page=857,861,4
125,3,Division 23-4E-5:  Additional Affordable Housing Incentives,861,"{'to': Point(0.0, 792.0), 'kind': 1, 'xref': 0, 'page': 860, 'zoom': 0.0}",1,860,"Point(0.0, 792.0)",0,0.0,E,4,5,division,3, Additional Affordable Housing Incentives,,5,23-4E-5,https://ldc.aura-atx.org/pdf/plain-code.pdf#page=861,863,2
126,3,Division 23-4E-6: Affordability Impact Statements,863,"{'to': Point(0.0, 792.0), 'kind': 1, 'xref': 0, 'page': 862, 'zoom': 0.0}",1,862,"Point(0.0, 792.0)",0,0.0,E,4,6,division,3,Affordability Impact Statements,,6,23-4E-6,https://ldc.aura-atx.org/pdf/plain-code.pdf#page=863,865,2
127,3,Division 23-4E-7: Affordability Unlocked Bonus Program,865,"{'to': Point(0.0, 792.0), 'kind': 1, 'xref': 0, 'page': 864, 'zoom': 0.0}",1,864,"Point(0.0, 792.0)",0,0.0,E,4,7,division,3,Affordability Unlocked Bonus Program,,7,23-4E-7,https://ldc.aura-atx.org/pdf/plain-code.pdf#page=865,869,4
128,1,Chapter 23-5: Subdivision,869,"{'to': Point(0.0, 792.0), 'kind': 1, 'xref': 0, 'page': 868, 'zoom': 0.0}",1,868,"Point(0.0, 792.0)",0,0.0,,5,,chapter,1,Subdivision,,5,23-5,https://ldc.aura-atx.org/pdf/plain-code.pdf#page=869,933,64
129,2,Article 23-5A: Introduction,875,"{'to': Point(0.0, 792.0), 'kind': 1, 'xref': 0, 'page': 874, 'zoom': 0.0}",1,874,"Point(0.0, 792.0)",0,0.0,A,5,,article,2,Introduction,,A,23-5A,https://ldc.aura-atx.org/pdf/plain-code.pdf#page=875,883,8
130,3,Division 23-5A-1: General Provisions,877,"{'to': Point(0.0, 792.0), 'kind': 1, 'xref': 0, 'page': 876, 'zoom': 0.0}",1,876,"Point(0.0, 792.0)",0,0.0,A,5,1,division,3,General Provisions,,1,23-5A-1,https://ldc.aura-atx.org/pdf/plain-code.pdf#page=877,883,6
131,2,Article 23-5B: Subdivision Procedures,883,"{'to': Point(0.0, 792.0), 'kind': 1, 'xref': 0, 'page': 882, 'zoom': 0.0}",1,882,"Point(0.0, 792.0)",0,0.0,B,5,,article,2,Subdivision Procedures,,B,23-5B,https://ldc.aura-atx.org/pdf/plain-code.pdf#page=883,921,38
132,3,Division 23-5B-1: Mandatory Actions,885,"{'to': Point(0.0, 792.0), 'kind': 1, 'xref': 0, 'page': 884, 'zoom': 0.0}",1,884,"Point(0.0, 792.0)",0,0.0,B,5,1,division,3,Mandatory Actions,,1,23-5B-1,https://ldc.aura-atx.org/pdf/plain-code.pdf#page=885,893,8
133,3,Division 23-5B-2: General Requirements and Procedures,893,"{'to': Point(0.0, 792.0), 'kind': 1, 'xref': 0, 'page': 892, 'zoom': 0.0}",1,892,"Point(0.0, 792.0)",0,0.0,B,5,2,division,3,General Requirements and Procedures,,2,23-5B-2,https://ldc.aura-atx.org/pdf/plain-code.pdf#page=893,901,8
134,3,Division 23-5B-3: Preliminary Subdivision Plan,901,"{'to': Point(0.0, 792.0), 'kind': 1, 'xref': 0, 'page': 900, 'zoom': 0.0}",1,900,"Point(0.0, 792.0)",0,0.0,B,5,3,division,3,Preliminary Subdivision Plan,,3,23-5B-3,https://ldc.aura-atx.org/pdf/plain-code.pdf#page=901,907,6
135,3,Division 23-5B-4: Final Subdivision Plat,907,"{'to': Point(0.0, 792.0), 'kind': 1, 'xref': 0, 'page': 906, 'zoom': 0.0}",1,906,"Point(0.0, 792.0)",0,0.0,B,5,4,division,3,Final Subdivision Plat,,4,23-5B-4,https://ldc.aura-atx.org/pdf/plain-code.pdf#page=907,911,4
136,3,Division 23-5B-5: Administrative Plat Approval,911,"{'to': Point(0.0, 792.0), 'kind': 1, 'xref': 0, 'page': 910, 'zoom': 0.0}",1,910,"Point(0.0, 792.0)",0,0.0,B,5,5,division,3,Administrative Plat Approval,,5,23-5B-5,https://ldc.aura-atx.org/pdf/plain-code.pdf#page=911,915,4
137,3,Division 23-5B-6: Subdivision Construction Plan,915,"{'to': Point(0.0, 792.0), 'kind': 1, 'xref': 0, 'page': 914, 'zoom': 0.0}",1,914,"Point(0.0, 792.0)",0,0.0,B,5,6,division,3,Subdivision Construction Plan,,6,23-5B-6,https://ldc.aura-atx.org/pdf/plain-code.pdf#page=915,921,6
138,2,Article 23-5C: Platting Requirements,921,"{'to': Point(0.0, 792.0), 'kind': 1, 'xref': 0, 'page': 920, 'zoom': 0.0}",1,920,"Point(0.0, 792.0)",0,0.0,C,5,,article,2,Platting Requirements,,C,23-5C,https://ldc.aura-atx.org/pdf/plain-code.pdf#page=921,933,12
139,3,"Division 23-5C-1: Property Markers, Easements, and Alleys",923,"{'to': Point(0.0, 792.0), 'kind': 1, 'xref': 0, 'page': 922, 'zoom': 0.0}",1,922,"Point(0.0, 792.0)",0,0.0,C,5,1,division,3,"Property Markers, Easements, and Alleys",,1,23-5C-1,https://ldc.aura-atx.org/pdf/plain-code.pdf#page=923,925,2
140,3,Division 23-5C-2: Lots,925,"{'to': Point(0.0, 792.0), 'kind': 1, 'xref': 0, 'page': 924, 'zoom': 0.0}",1,924,"Point(0.0, 792.0)",0,0.0,C,5,2,division,3,Lots,,2,23-5C-2,https://ldc.aura-atx.org/pdf/plain-code.pdf#page=925,929,4
141,3,Division 23-5C-3: Utilities,929,"{'to': Point(0.0, 792.0), 'kind': 1, 'xref': 0, 'page': 928, 'zoom': 0.0}",1,928,"Point(0.0, 792.0)",0,0.0,C,5,3,division,3,Utilities,,3,23-5C-3,https://ldc.aura-atx.org/pdf/plain-code.pdf#page=929,933,4
142,1,Chapter 23-6: Permits & Special Approvals,933,"{'to': Point(0.0, 792.0), 'kind': 1, 'xref': 0, 'page': 932, 'zoom': 0.0}",1,932,"Point(0.0, 792.0)",0,0.0,,6,,chapter,1,Permits & Special Approvals,,6,23-6,https://ldc.aura-atx.org/pdf/plain-code.pdf#page=933,1011,78
143,2,Article 23-6A: Purpose and Applicability,939,"{'to': Point(0.0, 792.0), 'kind': 1, 'xref': 0, 'page': 938, 'zoom': 0.0}",1,938,"Point(0.0, 792.0)",0,0.0,A,6,,article,2,Purpose and Applicability,,A,23-6A,https://ldc.aura-atx.org/pdf/plain-code.pdf#page=939,943,4
144,3,Division 23-6A-1: Purpose and Applicability,941,"{'to': Point(0.0, 792.0), 'kind': 1, 'xref': 0, 'page': 940, 'zoom': 0.0}",1,940,"Point(0.0, 792.0)",0,0.0,A,6,1,division,3,Purpose and Applicability,,1,23-6A-1,https://ldc.aura-atx.org/pdf/plain-code.pdf#page=941,943,2
145,2,Article 23-6B: Site Plan Review & Permitting,943,"{'to': Point(0.0, 792.0), 'kind': 1, 'xref': 0, 'page': 942, 'zoom': 0.0}",1,942,"Point(0.0, 792.0)",0,0.0,B,6,,article,2,Site Plan Review & Permitting,,B,23-6B,https://ldc.aura-atx.org/pdf/plain-code.pdf#page=943,959,16
146,3,Division 23-6B-1: General Provisions,945,"{'to': Point(0.0, 792.0), 'kind': 1, 'xref': 0, 'page': 944, 'zoom': 0.0}",1,944,"Point(0.0, 792.0)",0,0.0,B,6,1,division,3,General Provisions,,1,23-6B-1,https://ldc.aura-atx.org/pdf/plain-code.pdf#page=945,949,4
147,3,Division 23-6B-2: Site Plan Review,949,"{'to': Point(0.0, 792.0), 'kind': 1, 'xref': 0, 'page': 948, 'zoom': 0.0}",1,948,"Point(0.0, 792.0)",0,0.0,B,6,2,division,3,Site Plan Review,,2,23-6B-2,https://ldc.aura-atx.org/pdf/plain-code.pdf#page=949,957,8
148,3,Division 23-6B-3: Limited Site Plan Review,957,"{'to': Point(0.0, 792.0), 'kind': 1, 'xref': 0, 'page': 956, 'zoom': 0.0}",1,956,"Point(0.0, 792.0)",0,0.0,B,6,3,division,3,Limited Site Plan Review,,3,23-6B-3,https://ldc.aura-atx.org/pdf/plain-code.pdf#page=957,959,2
149,2,Article 23-6C: Building and Demolition Permits,959,"{'to': Point(0.0, 792.0), 'kind': 1, 'xref': 0, 'page': 958, 'zoom': 0.0}",1,958,"Point(0.0, 792.0)",0,0.0,C,6,,article,2,Building and Demolition Permits,,C,23-6C,https://ldc.aura-atx.org/pdf/plain-code.pdf#page=959,971,12
150,3,Division 23-6C-1: General Provisions,961,"{'to': Point(0.0, 792.0), 'kind': 1, 'xref': 0, 'page': 960, 'zoom': 0.0}",1,960,"Point(0.0, 792.0)",0,0.0,C,6,1,division,3,General Provisions,,1,23-6C-1,https://ldc.aura-atx.org/pdf/plain-code.pdf#page=961,963,2
151,3,Division 23-6C-2: Building and Demolition Permits,963,"{'to': Point(0.0, 792.0), 'kind': 1, 'xref': 0, 'page': 962, 'zoom': 0.0}",1,962,"Point(0.0, 792.0)",0,0.0,C,6,2,division,3,Building and Demolition Permits,,2,23-6C-2,https://ldc.aura-atx.org/pdf/plain-code.pdf#page=963,967,4
152,3,Division 23-6C-3: Permit Applications ,967,"{'to': Point(0.0, 792.0), 'kind': 1, 'xref': 0, 'page': 966, 'zoom': 0.0}",1,966,"Point(0.0, 792.0)",0,0.0,C,6,3,division,3,Permit Applications ,,3,23-6C-3,https://ldc.aura-atx.org/pdf/plain-code.pdf#page=967,969,2
153,3,Division 23-6C-4: Demolition Permit Expiration & Extension ,969,"{'to': Point(0.0, 792.0), 'kind': 1, 'xref': 0, 'page': 968, 'zoom': 0.0}",1,968,"Point(0.0, 792.0)",0,0.0,C,6,4,division,3,Demolition Permit Expiration & Extension ,,4,23-6C-4,https://ldc.aura-atx.org/pdf/plain-code.pdf#page=969,971,2
154,2,Article 23-6D: Relocation Permits,971,"{'to': Point(0.0, 792.0), 'kind': 1, 'xref': 0, 'page': 970, 'zoom': 0.0}",1,970,"Point(0.0, 792.0)",0,0.0,D,6,,article,2,Relocation Permits,,D,23-6D,https://ldc.aura-atx.org/pdf/plain-code.pdf#page=971,977,6
155,3,Division 23-6D-1: Relocation Permits,973,"{'to': Point(0.0, 792.0), 'kind': 1, 'xref': 0, 'page': 972, 'zoom': 0.0}",1,972,"Point(0.0, 792.0)",0,0.0,D,6,1,division,3,Relocation Permits,,1,23-6D-1,https://ldc.aura-atx.org/pdf/plain-code.pdf#page=973,975,2
156,3,Division 23-6D-2: Relocation Requirements,975,"{'to': Point(0.0, 792.0), 'kind': 1, 'xref': 0, 'page': 974, 'zoom': 0.0}",1,974,"Point(0.0, 792.0)",0,0.0,D,6,2,division,3,Relocation Requirements,,2,23-6D-2,https://ldc.aura-atx.org/pdf/plain-code.pdf#page=975,977,2
157,2,Article 23-6E: Special Requirements for Historic Properties & Buildings 45 or More Years Old,977,"{'to': Point(0.0, 792.0), 'kind': 1, 'xref': 0, 'page': 976, 'zoom': 0.0}",1,976,"Point(0.0, 792.0)",0,0.0,E,6,,article,2,Special Requirements for Historic Properties & Buildings 45 or More Years Old,,E,23-6E,https://ldc.aura-atx.org/pdf/plain-code.pdf#page=977,993,16
158,3,Division 23-6E-1: Overview,979,"{'to': Point(0.0, 792.0), 'kind': 1, 'xref': 0, 'page': 978, 'zoom': 0.0}",1,978,"Point(0.0, 792.0)",0,0.0,E,6,1,division,3,Overview,,1,23-6E-1,https://ldc.aura-atx.org/pdf/plain-code.pdf#page=979,983,4
159,3,Division 23-6E-2: Properties with Historic Designation,983,"{'to': Point(0.0, 792.0), 'kind': 1, 'xref': 0, 'page': 982, 'zoom': 0.0}",1,982,"Point(0.0, 792.0)",0,0.0,E,6,2,division,3,Properties with Historic Designation,,2,23-6E-2,https://ldc.aura-atx.org/pdf/plain-code.pdf#page=983,987,4
160,3,Division 23-6E-3: Properties without Historic Designation,987,"{'to': Point(0.0, 792.0), 'kind': 1, 'xref': 0, 'page': 986, 'zoom': 0.0}",1,986,"Point(0.0, 792.0)",0,0.0,E,6,3,division,3,Properties without Historic Designation,,3,23-6E-3,https://ldc.aura-atx.org/pdf/plain-code.pdf#page=987,989,2
161,3,Division 23-6E-4:Pending Historic Designations,989,"{'to': Point(0.0, 792.0), 'kind': 1, 'xref': 0, 'page': 988, 'zoom': 0.0}",1,988,"Point(0.0, 792.0)",0,0.0,E,6,4,division,3,Pending Historic Designations,,4,23-6E-4,https://ldc.aura-atx.org/pdf/plain-code.pdf#page=989,993,4
162,2,Article 23-6F: Maintenance Requirements,993,"{'to': Point(0.0, 792.0), 'kind': 1, 'xref': 0, 'page': 992, 'zoom': 0.0}",1,992,"Point(0.0, 792.0)",0,0.0,F,6,,article,2,Maintenance Requirements,,F,23-6F,https://ldc.aura-atx.org/pdf/plain-code.pdf#page=993,999,6
163,3,Division 23-6F-1: Maintenance Requirements,995,"{'to': Point(0.0, 792.0), 'kind': 1, 'xref': 0, 'page': 994, 'zoom': 0.0}",1,994,"Point(0.0, 792.0)",0,0.0,F,6,1,division,3,Maintenance Requirements,,1,23-6F-1,https://ldc.aura-atx.org/pdf/plain-code.pdf#page=995,997,2
164,3,Division 23-6F-2: Demolition by Neglect & New Construction,997,"{'to': Point(0.0, 792.0), 'kind': 1, 'xref': 0, 'page': 996, 'zoom': 0.0}",1,996,"Point(0.0, 792.0)",0,0.0,F,6,2,division,3,Demolition by Neglect & New Construction,,2,23-6F-2,https://ldc.aura-atx.org/pdf/plain-code.pdf#page=997,999,2
165,2,Article 23-6G: Miscellaneous Provisions,999,"{'to': Point(0.0, 792.0), 'kind': 1, 'xref': 0, 'page': 998, 'zoom': 0.0}",1,998,"Point(0.0, 792.0)",0,0.0,G,6,,article,2,Miscellaneous Provisions,,G,23-6G,https://ldc.aura-atx.org/pdf/plain-code.pdf#page=999,1011,12
166,3,Division 23-6G-1: Interlocal Development Agreements,1001,"{'to': Point(0.0, 792.0), 'kind': 1, 'xref': 0, 'page': 1000, 'zoom': 0.0}",1,1000,"Point(0.0, 792.0)",0,0.0,G,6,1,division,3,Interlocal Development Agreements,,1,23-6G-1,https://ldc.aura-atx.org/pdf/plain-code.pdf#page=1001,1005,4
167,3,Division 23-6G-2: General Development Agreements,1005,"{'to': Point(0.0, 792.0), 'kind': 1, 'xref': 0, 'page': 1004, 'zoom': 0.0}",1,1004,"Point(0.0, 792.0)",0,0.0,G,6,2,division,3,General Development Agreements,,2,23-6G-2,https://ldc.aura-atx.org/pdf/plain-code.pdf#page=1005,1009,4
168,3,Division 23-6G-3: Closed Municipal Landfills,1009,"{'to': Point(0.0, 792.0), 'kind': 1, 'xref': 0, 'page': 1008, 'zoom': 0.0}",1,1008,"Point(0.0, 792.0)",0,0.0,G,6,3,division,3,Closed Municipal Landfills,,3,23-6G-3,https://ldc.aura-atx.org/pdf/plain-code.pdf#page=1009,1011,2
169,1,Chapter 23-7: Signage,1011,"{'to': Point(0.0, 0.0), 'kind': 1, 'xref': 0, 'page': 1010, 'zoom': 0.0}",1,1010,"Point(0.0, 0.0)",0,0.0,,7,,chapter,1,Signage,,7,23-7,https://ldc.aura-atx.org/pdf/plain-code.pdf#page=1011,1093,82
170,2,Article 23-7A: General Provisions ,1017,"{'to': Point(0.0, 0.0), 'kind': 1, 'xref': 0, 'page': 1016, 'zoom': 0.0}",1,1016,"Point(0.0, 0.0)",0,0.0,A,7,,article,2,General Provisions ,,A,23-7A,https://ldc.aura-atx.org/pdf/plain-code.pdf#page=1017,1035,18
171,3,Division 23-7A-1: Policy and Administration,1019,"{'to': Point(0.0, 792.0), 'kind': 1, 'xref': 0, 'page': 1018, 'zoom': 0.0}",1,1018,"Point(0.0, 792.0)",0,0.0,A,7,1,division,3,Policy and Administration,,1,23-7A-1,https://ldc.aura-atx.org/pdf/plain-code.pdf#page=1019,1031,12
172,3,Division 23-7A-2: Sign Permits and Registration,1031,"{'to': Point(0.0, 792.0), 'kind': 1, 'xref': 0, 'page': 1030, 'zoom': 0.0}",1,1030,"Point(0.0, 792.0)",0,0.0,A,7,2,division,3,Sign Permits and Registration,,2,23-7A-2,https://ldc.aura-atx.org/pdf/plain-code.pdf#page=1031,1035,4
173,2,Article 23-7B: Regulations Applicable To All Signs ,1035,"{'to': Point(0.0, 792.0), 'kind': 1, 'xref': 0, 'page': 1034, 'zoom': 0.0}",1,1034,"Point(0.0, 792.0)",0,0.0,B,7,,article,2,Regulations Applicable To All Signs ,,B,23-7B,https://ldc.aura-atx.org/pdf/plain-code.pdf#page=1035,1053,18
174,3,Division 23-7B-1: General Requirements,1037,"{'to': Point(0.0, 792.0), 'kind': 1, 'xref': 0, 'page': 1036, 'zoom': 0.0}",1,1036,"Point(0.0, 792.0)",0,0.0,B,7,1,division,3,General Requirements,,1,23-7B-1,https://ldc.aura-atx.org/pdf/plain-code.pdf#page=1037,1043,6
175,3,Division 23-7B-2: On-Premises Signs Allowed Without a Permit,1043,"{'to': Point(0.0, 792.0), 'kind': 1, 'xref': 0, 'page': 1042, 'zoom': 0.0}",1,1042,"Point(0.0, 792.0)",0,0.0,B,7,2,division,3,On-Premises Signs Allowed Without a Permit,,2,23-7B-2,https://ldc.aura-atx.org/pdf/plain-code.pdf#page=1043,1047,4
176,3,Division 23-7B-3: Prohibited Signs,1047,"{'to': Point(0.0, 792.0), 'kind': 1, 'xref': 0, 'page': 1046, 'zoom': 0.0}",1,1046,"Point(0.0, 792.0)",0,0.0,B,7,3,division,3,Prohibited Signs,,3,23-7B-3,https://ldc.aura-atx.org/pdf/plain-code.pdf#page=1047,1051,4
177,3,Division 23-7B-4: Nonconforming Signs,1051,"{'to': Point(0.0, 792.0), 'kind': 1, 'xref': 0, 'page': 1050, 'zoom': 0.0}",1,1050,"Point(0.0, 792.0)",0,0.0,B,7,4,division,3,Nonconforming Signs,,4,23-7B-4,https://ldc.aura-atx.org/pdf/plain-code.pdf#page=1051,1053,2
178,2,Article 23-7C: Regulations Applicable To Sign Districts and Sign Types ,1053,"{'to': Point(0.0, 792.0), 'kind': 1, 'xref': 0, 'page': 1052, 'zoom': 0.0}",1,1052,"Point(0.0, 792.0)",0,0.0,C,7,,article,2,Regulations Applicable To Sign Districts and Sign Types ,,C,23-7C,https://ldc.aura-atx.org/pdf/plain-code.pdf#page=1053,1085,32
179,3,Division 23-7C-1: Regulations by Sign District and Sign Overlay,1055,"{'to': Point(0.0, 792.0), 'kind': 1, 'xref': 0, 'page': 1054, 'zoom': 0.0}",1,1054,"Point(0.0, 792.0)",0,0.0,C,7,1,division,3,Regulations by Sign District and Sign Overlay,,1,23-7C-1,https://ldc.aura-atx.org/pdf/plain-code.pdf#page=1055,1065,10
180,3,Division 23-7C-2: Regulation by Sign Type,1065,"{'to': Point(0.0, 792.0), 'kind': 1, 'xref': 0, 'page': 1064, 'zoom': 0.0}",1,1064,"Point(0.0, 792.0)",0,0.0,C,7,2,division,3,Regulation by Sign Type,,2,23-7C-2,https://ldc.aura-atx.org/pdf/plain-code.pdf#page=1065,1079,14
181,3,Division 23-7C-3: Regulations for Non-Standard Signs,1079,"{'to': Point(0.0, 792.0), 'kind': 1, 'xref': 0, 'page': 1078, 'zoom': 0.0}",1,1078,"Point(0.0, 792.0)",0,0.0,C,7,3,division,3,Regulations for Non-Standard Signs,,3,23-7C-3,https://ldc.aura-atx.org/pdf/plain-code.pdf#page=1079,1085,6
182,2,Article 23-7D: Enforcement and Relief Procedures ,1085,"{'to': Point(0.0, 792.0), 'kind': 1, 'xref': 0, 'page': 1084, 'zoom': 0.0}",1,1084,"Point(0.0, 792.0)",0,0.0,D,7,,article,2,Enforcement and Relief Procedures ,,D,23-7D,https://ldc.aura-atx.org/pdf/plain-code.pdf#page=1085,1093,8
183,3,Division 23-7D-2: Variances and Appeals,1089,"{'to': Point(0.0, 792.0), 'kind': 1, 'xref': 0, 'page': 1088, 'zoom': 0.0}",1,1088,"Point(0.0, 792.0)",0,0.0,D,7,2,division,3,Variances and Appeals,,2,23-7D-2,https://ldc.aura-atx.org/pdf/plain-code.pdf#page=1089,1093,4
184,1,Chapter 23-8: Transportation,1093,"{'to': Point(0.0, 792.0), 'kind': 1, 'xref': 0, 'page': 1092, 'zoom': 0.0}",1,1092,"Point(0.0, 792.0)",0,0.0,,8,,chapter,1,Transportation,,8,23-8,https://ldc.aura-atx.org/pdf/plain-code.pdf#page=1093,1177,84
185,2,Article 23-8A: General Provisions,1099,"{'to': Point(0.0, 792.0), 'kind': 1, 'xref': 0, 'page': 1098, 'zoom': 0.0}",1,1098,"Point(0.0, 792.0)",0,0.0,A,8,,article,2,General Provisions,,A,23-8A,https://ldc.aura-atx.org/pdf/plain-code.pdf#page=1099,1107,8
186,3,Division 23-8A-1: Policy and Administration,1101,"{'to': Point(0.0, 792.0), 'kind': 1, 'xref': 0, 'page': 1100, 'zoom': 0.0}",1,1100,"Point(0.0, 792.0)",0,0.0,A,8,1,division,3,Policy and Administration,,1,23-8A-1,https://ldc.aura-atx.org/pdf/plain-code.pdf#page=1101,1105,4
187,3,Division 23-8A-2: Proportionality of Transportation System Improvements,1105,"{'to': Point(0.0, 792.0), 'kind': 1, 'xref': 0, 'page': 1104, 'zoom': 0.0}",1,1104,"Point(0.0, 792.0)",0,0.0,A,8,2,division,3,Proportionality of Transportation System Improvements,,2,23-8A-2,https://ldc.aura-atx.org/pdf/plain-code.pdf#page=1105,1107,2
188,2,Article 23-8B: Right-Of-Way Dedication and Reservation,1107,"{'to': Point(0.0, 792.0), 'kind': 1, 'xref': 0, 'page': 1106, 'zoom': 0.0}",1,1106,"Point(0.0, 792.0)",0,0.0,B,8,,article,2,Right-Of-Way Dedication and Reservation,,B,23-8B,https://ldc.aura-atx.org/pdf/plain-code.pdf#page=1107,1121,14
189,3,Division 23-8B-1: General Provisions,1109,"{'to': Point(0.0, 792.0), 'kind': 1, 'xref': 0, 'page': 1108, 'zoom': 0.0}",1,1108,"Point(0.0, 792.0)",0,0.0,B,8,1,division,3,General Provisions,,1,23-8B-1,https://ldc.aura-atx.org/pdf/plain-code.pdf#page=1109,1113,4
190,3,Division 23-8B-2: Right-Of-Way Dedication and Improvement,1113,"{'to': Point(0.0, 792.0), 'kind': 1, 'xref': 0, 'page': 1112, 'zoom': 0.0}",1,1112,"Point(0.0, 792.0)",0,0.0,B,8,2,division,3,Right-Of-Way Dedication and Improvement,,2,23-8B-2,https://ldc.aura-atx.org/pdf/plain-code.pdf#page=1113,1117,4
191,3,Division 23-8B-3: Right-Of-Way Reservation,1117,"{'to': Point(0.0, 792.0), 'kind': 1, 'xref': 0, 'page': 1116, 'zoom': 0.0}",1,1116,"Point(0.0, 792.0)",0,0.0,B,8,3,division,3,Right-Of-Way Reservation,,3,23-8B-3,https://ldc.aura-atx.org/pdf/plain-code.pdf#page=1117,1121,4
192,2,Article 23-8C: Transportation Review & Analysis,1121,"{'to': Point(0.0, 792.0), 'kind': 1, 'xref': 0, 'page': 1120, 'zoom': 0.0}",1,1120,"Point(0.0, 792.0)",0,0.0,C,8,,article,2,Transportation Review & Analysis,,C,23-8C,https://ldc.aura-atx.org/pdf/plain-code.pdf#page=1121,1129,8
193,3,Division 23-8C-1: General Provisions,1123,"{'to': Point(0.0, 792.0), 'kind': 1, 'xref': 0, 'page': 1122, 'zoom': 0.0}",1,1122,"Point(0.0, 792.0)",0,0.0,C,8,1,division,3,General Provisions,,1,23-8C-1,https://ldc.aura-atx.org/pdf/plain-code.pdf#page=1123,1125,2
194,3,Division 23-8C-2: Comprehensive Transportation Review,1125,"{'to': Point(0.0, 792.0), 'kind': 1, 'xref': 0, 'page': 1124, 'zoom': 0.0}",1,1124,"Point(0.0, 792.0)",0,0.0,C,8,2,division,3,Comprehensive Transportation Review,,2,23-8C-2,https://ldc.aura-atx.org/pdf/plain-code.pdf#page=1125,1129,4
195,2,Article 23-8D: Development Conditions & Mitigation,1129,"{'to': Point(0.0, 792.0), 'kind': 1, 'xref': 0, 'page': 1128, 'zoom': 0.0}",1,1128,"Point(0.0, 792.0)",0,0.0,D,8,,article,2,Development Conditions & Mitigation,,D,23-8D,https://ldc.aura-atx.org/pdf/plain-code.pdf#page=1129,1139,10
196,3,Division 23-8D-1: Action on Development Application,1131,"{'to': Point(0.0, 792.0), 'kind': 1, 'xref': 0, 'page': 1130, 'zoom': 0.0}",1,1130,"Point(0.0, 792.0)",0,0.0,D,8,1,division,3,Action on Development Application,,1,23-8D-1,https://ldc.aura-atx.org/pdf/plain-code.pdf#page=1131,1133,2
197,3,Division 23-8D-2: Transportation Infrastructure Improvements,1133,"{'to': Point(0.0, 792.0), 'kind': 1, 'xref': 0, 'page': 1132, 'zoom': 0.0}",1,1132,"Point(0.0, 792.0)",0,0.0,D,8,2,division,3,Transportation Infrastructure Improvements,,2,23-8D-2,https://ldc.aura-atx.org/pdf/plain-code.pdf#page=1133,1139,6
198,2,Article 23-8E: Right-Of-Way Construction,1139,"{'to': Point(0.0, 792.0), 'kind': 1, 'xref': 0, 'page': 1138, 'zoom': 0.0}",1,1138,"Point(0.0, 792.0)",0,0.0,E,8,,article,2,Right-Of-Way Construction,,E,23-8E,https://ldc.aura-atx.org/pdf/plain-code.pdf#page=1139,1159,20
199,3,Division 23-8E-1: General Provisions,1141,"{'to': Point(0.0, 792.0), 'kind': 1, 'xref': 0, 'page': 1140, 'zoom': 0.0}",1,1140,"Point(0.0, 792.0)",0,0.0,E,8,1,division,3,General Provisions,,1,23-8E-1,https://ldc.aura-atx.org/pdf/plain-code.pdf#page=1141,1143,2
200,3,Division 23-8E-2: Construction License,1143,"{'to': Point(0.0, 792.0), 'kind': 1, 'xref': 0, 'page': 1142, 'zoom': 0.0}",1,1142,"Point(0.0, 792.0)",0,0.0,E,8,2,division,3,Construction License,,2,23-8E-2,https://ldc.aura-atx.org/pdf/plain-code.pdf#page=1143,1145,2
201,3,Division 23-8E-3: Right-Of-Way Permit,1145,"{'to': Point(0.0, 792.0), 'kind': 1, 'xref': 0, 'page': 1144, 'zoom': 0.0}",1,1144,"Point(0.0, 792.0)",0,0.0,E,8,3,division,3,Right-Of-Way Permit,,3,23-8E-3,https://ldc.aura-atx.org/pdf/plain-code.pdf#page=1145,1149,4
202,3,Division 23-8E-4: General Design and Maintenance Requirements,1149,"{'to': Point(0.0, 792.0), 'kind': 1, 'xref': 0, 'page': 1148, 'zoom': 0.0}",1,1148,"Point(0.0, 792.0)",0,0.0,E,8,4,division,3,General Design and Maintenance Requirements,,4,23-8E-4,https://ldc.aura-atx.org/pdf/plain-code.pdf#page=1149,1153,4
203,3,Division 23-8E-5: Driveways and Alleys,1153,"{'to': Point(0.0, 792.0), 'kind': 1, 'xref': 0, 'page': 1152, 'zoom': 0.0}",1,1152,"Point(0.0, 792.0)",0,0.0,E,8,5,division,3,Driveways and Alleys,,5,23-8E-5,https://ldc.aura-atx.org/pdf/plain-code.pdf#page=1153,1155,2
204,3,"Division 23-8E-6: Sidewalks, Urban Trails, and Street Trees",1155,"{'to': Point(0.0, 792.0), 'kind': 1, 'xref': 0, 'page': 1154, 'zoom': 0.0}",1,1154,"Point(0.0, 792.0)",0,0.0,E,8,6,division,3,"Sidewalks, Urban Trails, and Street Trees",,6,23-8E-6,https://ldc.aura-atx.org/pdf/plain-code.pdf#page=1155,1159,4
205,2,Article 23-8F: Street Design,1159,"{'to': Point(0.0, 792.0), 'kind': 1, 'xref': 0, 'page': 1158, 'zoom': 0.0}",1,1158,"Point(0.0, 792.0)",0,0.0,F,8,,article,2,Street Design,,F,23-8F,https://ldc.aura-atx.org/pdf/plain-code.pdf#page=1159,1169,10
206,3,Division 23-8F-1: General Provisions,1161,"{'to': Point(0.0, 792.0), 'kind': 1, 'xref': 0, 'page': 1160, 'zoom': 0.0}",1,1160,"Point(0.0, 792.0)",0,0.0,F,8,1,division,3,General Provisions,,1,23-8F-1,https://ldc.aura-atx.org/pdf/plain-code.pdf#page=1161,1163,2
207,3,Division 23-8F-2: Access to Major Streets,1163,"{'to': Point(0.0, 792.0), 'kind': 1, 'xref': 0, 'page': 1162, 'zoom': 0.0}",1,1162,"Point(0.0, 792.0)",0,0.0,F,8,2,division,3,Access to Major Streets,,2,23-8F-2,https://ldc.aura-atx.org/pdf/plain-code.pdf#page=1163,1165,2
208,3,Division 23-8F-3: Street Layout,1165,"{'to': Point(0.0, 792.0), 'kind': 1, 'xref': 0, 'page': 1164, 'zoom': 0.0}",1,1164,"Point(0.0, 792.0)",0,0.0,F,8,3,division,3,Street Layout,,3,23-8F-3,https://ldc.aura-atx.org/pdf/plain-code.pdf#page=1165,1169,4
209,2,Article 23-8G: Road Utility Districts,1169,"{'to': Point(0.0, 792.0), 'kind': 1, 'xref': 0, 'page': 1168, 'zoom': 0.0}",1,1168,"Point(0.0, 792.0)",0,0.0,G,8,,article,2,Road Utility Districts,,G,23-8G,https://ldc.aura-atx.org/pdf/plain-code.pdf#page=1169,1177,8
210,3,Division 23-8G-1: Approval of Petition,1171,"{'to': Point(0.0, 792.0), 'kind': 1, 'xref': 0, 'page': 1170, 'zoom': 0.0}",1,1170,"Point(0.0, 792.0)",0,0.0,G,8,1,division,3,Approval of Petition,,1,23-8G-1,https://ldc.aura-atx.org/pdf/plain-code.pdf#page=1171,1175,4
211,3,Division 23-8G-2: Construction of Facilities,1175,"{'to': Point(0.0, 792.0), 'kind': 1, 'xref': 0, 'page': 1174, 'zoom': 0.0}",1,1174,"Point(0.0, 792.0)",0,0.0,G,8,2,division,3,Construction of Facilities,,2,23-8G-2,https://ldc.aura-atx.org/pdf/plain-code.pdf#page=1175,1177,2
212,1,Chapter 23-9: Infrastructure,1177,"{'to': Point(0.0, 792.0), 'kind': 1, 'xref': 0, 'page': 1176, 'zoom': 0.0}",1,1176,"Point(0.0, 792.0)",0,0.0,,9,,chapter,1,Infrastructure,,9,23-9,https://ldc.aura-atx.org/pdf/plain-code.pdf#page=1177,1283,106
213,2,Article 23-9A: Austin Water Service,1185,"{'to': Point(0.0, 792.0), 'kind': 1, 'xref': 0, 'page': 1184, 'zoom': 0.0}",1,1184,"Point(0.0, 792.0)",0,0.0,A,9,,article,2,Austin Water Service,,A,23-9A,https://ldc.aura-atx.org/pdf/plain-code.pdf#page=1185,1207,22
214,3,Division 23-9A-1: General Provisions,1187,"{'to': Point(0.0, 792.0), 'kind': 1, 'xref': 0, 'page': 1186, 'zoom': 0.0}",1,1186,"Point(0.0, 792.0)",0,0.0,A,9,1,division,3,General Provisions,,1,23-9A-1,https://ldc.aura-atx.org/pdf/plain-code.pdf#page=1187,1191,4
215,3,"Division 23-9A-2: Extension of Service, General Provisions",1191,"{'to': Point(0.0, 792.0), 'kind': 1, 'xref': 0, 'page': 1190, 'zoom': 0.0}",1,1190,"Point(0.0, 792.0)",0,0.0,A,9,2,division,3,"Extension of Service, General Provisions",,2,23-9A-2,https://ldc.aura-atx.org/pdf/plain-code.pdf#page=1191,1197,6
216,3,"Division 23-9A-3: Extension of Service, Cost Participation ",1197,"{'to': Point(0.0, 792.0), 'kind': 1, 'xref': 0, 'page': 1196, 'zoom': 0.0}",1,1196,"Point(0.0, 792.0)",0,0.0,A,9,3,division,3,"Extension of Service, Cost Participation ",,3,23-9A-3,https://ldc.aura-atx.org/pdf/plain-code.pdf#page=1197,1201,4
217,3,Division 23-9A-4: Tap Permits,1201,"{'to': Point(0.0, 792.0), 'kind': 1, 'xref': 0, 'page': 1200, 'zoom': 0.0}",1,1200,"Point(0.0, 792.0)",0,0.0,A,9,4,division,3,Tap Permits,,4,23-9A-4,https://ldc.aura-atx.org/pdf/plain-code.pdf#page=1201,1207,6
218,2,Article 23-9B: Water Districts,1207,"{'to': Point(0.0, 792.0), 'kind': 1, 'xref': 0, 'page': 1206, 'zoom': 0.0}",1,1206,"Point(0.0, 792.0)",0,0.0,B,9,,article,2,Water Districts,,B,23-9B,https://ldc.aura-atx.org/pdf/plain-code.pdf#page=1207,1229,22
219,3,Division 23-9B-1: General Provisions,1209,"{'to': Point(0.0, 792.0), 'kind': 1, 'xref': 0, 'page': 1208, 'zoom': 0.0}",1,1208,"Point(0.0, 792.0)",0,0.0,B,9,1,division,3,General Provisions,,1,23-9B-1,https://ldc.aura-atx.org/pdf/plain-code.pdf#page=1209,1211,2
220,3,Division 23-9B-2: Procedure for Creation,1211,"{'to': Point(0.0, 792.0), 'kind': 1, 'xref': 0, 'page': 1210, 'zoom': 0.0}",1,1210,"Point(0.0, 792.0)",0,0.0,B,9,2,division,3,Procedure for Creation,,2,23-9B-2,https://ldc.aura-atx.org/pdf/plain-code.pdf#page=1211,1215,4
221,3,Division 23-9B-3: Conditions and Restrictions on Consent to Creation of a District,1215,"{'to': Point(0.0, 792.0), 'kind': 1, 'xref': 0, 'page': 1214, 'zoom': 0.0}",1,1214,"Point(0.0, 792.0)",0,0.0,B,9,3,division,3,Conditions and Restrictions on Consent to Creation of a District,,3,23-9B-3,https://ldc.aura-atx.org/pdf/plain-code.pdf#page=1215,1219,4
222,3,Division 23-9B-4: Out-of-District Service,1219,"{'to': Point(0.0, 792.0), 'kind': 1, 'xref': 0, 'page': 1218, 'zoom': 0.0}",1,1218,"Point(0.0, 792.0)",0,0.0,B,9,4,division,3,Out-of-District Service,,4,23-9B-4,https://ldc.aura-atx.org/pdf/plain-code.pdf#page=1219,1223,4
223,3,Division 23-9B-5: Amendment to a Consent Document or an Agreement with a District,1223,"{'to': Point(0.0, 792.0), 'kind': 1, 'xref': 0, 'page': 1222, 'zoom': 0.0}",1,1222,"Point(0.0, 792.0)",0,0.0,B,9,5,division,3,Amendment to a Consent Document or an Agreement with a District,,5,23-9B-5,https://ldc.aura-atx.org/pdf/plain-code.pdf#page=1223,1227,4
224,3,Division 23-9B-6: District Bond Issuance,1227,"{'to': Point(0.0, 792.0), 'kind': 1, 'xref': 0, 'page': 1226, 'zoom': 0.0}",1,1226,"Point(0.0, 792.0)",0,0.0,B,9,6,division,3,District Bond Issuance,,6,23-9B-6,https://ldc.aura-atx.org/pdf/plain-code.pdf#page=1227,1229,2
225,2,Article 23-9C: Water and Wastewater Impact Fees,1229,"{'to': Point(0.0, 792.0), 'kind': 1, 'xref': 0, 'page': 1228, 'zoom': 0.0}",1,1228,"Point(0.0, 792.0)",0,0.0,C,9,,article,2,Water and Wastewater Impact Fees,,C,23-9C,https://ldc.aura-atx.org/pdf/plain-code.pdf#page=1229,1245,16
226,3,Division 23-9C-1: General Provisions,1231,"{'to': Point(0.0, 792.0), 'kind': 1, 'xref': 0, 'page': 1230, 'zoom': 0.0}",1,1230,"Point(0.0, 792.0)",0,0.0,C,9,1,division,3,General Provisions,,1,23-9C-1,https://ldc.aura-atx.org/pdf/plain-code.pdf#page=1231,1233,2
227,3,Division 23-9C-2: Fee Established,1233,"{'to': Point(0.0, 792.0), 'kind': 1, 'xref': 0, 'page': 1232, 'zoom': 0.0}",1,1232,"Point(0.0, 792.0)",0,0.0,C,9,2,division,3,Fee Established,,2,23-9C-2,https://ldc.aura-atx.org/pdf/plain-code.pdf#page=1233,1237,4
228,3,Division 23-9C-3: Determination of Service Units,1237,"{'to': Point(0.0, 792.0), 'kind': 1, 'xref': 0, 'page': 1236, 'zoom': 0.0}",1,1236,"Point(0.0, 792.0)",0,0.0,C,9,3,division,3,Determination of Service Units,,3,23-9C-3,https://ldc.aura-atx.org/pdf/plain-code.pdf#page=1237,1239,2
229,3,Division 23-9C-4: Exemptions,1239,"{'to': Point(0.0, 792.0), 'kind': 1, 'xref': 0, 'page': 1238, 'zoom': 0.0}",1,1238,"Point(0.0, 792.0)",0,0.0,C,9,4,division,3,Exemptions,,4,23-9C-4,https://ldc.aura-atx.org/pdf/plain-code.pdf#page=1239,1243,4
230,3,Division 23-9C-5: Discounts and Adjustments,1243,"{'to': Point(0.0, 792.0), 'kind': 1, 'xref': 0, 'page': 1242, 'zoom': 0.0}",1,1242,"Point(0.0, 792.0)",0,0.0,C,9,5,division,3,Discounts and Adjustments,,5,23-9C-5,https://ldc.aura-atx.org/pdf/plain-code.pdf#page=1243,1245,2
231,2,Article 23-9D: Reclaimed Water ,1245,"{'to': Point(0.0, 792.0), 'kind': 1, 'xref': 0, 'page': 1244, 'zoom': 0.0}",1,1244,"Point(0.0, 792.0)",0,0.0,D,9,,article,2,Reclaimed Water ,,D,23-9D,https://ldc.aura-atx.org/pdf/plain-code.pdf#page=1245,1257,12
232,3,Division 23-9D-1: Reclaimed Water,1247,"{'to': Point(0.0, 792.0), 'kind': 1, 'xref': 0, 'page': 1246, 'zoom': 0.0}",1,1246,"Point(0.0, 792.0)",0,0.0,D,9,1,division,3,Reclaimed Water,,1,23-9D-1,https://ldc.aura-atx.org/pdf/plain-code.pdf#page=1247,1257,10
233,2,Article 23-9E: Drainage,1257,"{'to': Point(0.0, 792.0), 'kind': 1, 'xref': 0, 'page': 1256, 'zoom': 0.0}",1,1256,"Point(0.0, 792.0)",0,0.0,E,9,,article,2,Drainage,,E,23-9E,https://ldc.aura-atx.org/pdf/plain-code.pdf#page=1257,1277,20
234,3,Division 23-9E-1: General Provisions,1259,"{'to': Point(0.0, 792.0), 'kind': 1, 'xref': 0, 'page': 1258, 'zoom': 0.0}",1,1258,"Point(0.0, 792.0)",0,0.0,E,9,1,division,3,General Provisions,,1,23-9E-1,https://ldc.aura-atx.org/pdf/plain-code.pdf#page=1259,1263,4
235,3,Division 23-9E-2: Drainage Studies; Erosion Hazard Analysis; Floodplain Delineation,1263,"{'to': Point(0.0, 792.0), 'kind': 1, 'xref': 0, 'page': 1262, 'zoom': 0.0}",1,1262,"Point(0.0, 792.0)",0,0.0,E,9,2,division,3,Drainage Studies; Erosion Hazard Analysis; Floodplain Delineation,,2,23-9E-2,https://ldc.aura-atx.org/pdf/plain-code.pdf#page=1263,1265,2
236,3,Division 23-9E-3: Standards for Approval,1265,"{'to': Point(0.0, 792.0), 'kind': 1, 'xref': 0, 'page': 1264, 'zoom': 0.0}",1,1264,"Point(0.0, 792.0)",0,0.0,E,9,3,division,3,Standards for Approval,,3,23-9E-3,https://ldc.aura-atx.org/pdf/plain-code.pdf#page=1265,1269,4
237,3,Division 23-9E-4: Special Standards in Zoning Jurisdiction,1269,"{'to': Point(0.0, 792.0), 'kind': 1, 'xref': 0, 'page': 1268, 'zoom': 0.0}",1,1268,"Point(0.0, 792.0)",0,0.0,E,9,4,division,3,Special Standards in Zoning Jurisdiction,,4,23-9E-4,https://ldc.aura-atx.org/pdf/plain-code.pdf#page=1269,1277,8
238,2,Article 23-9F: Electric Utility Service,1277,"{'to': Point(0.0, 792.0), 'kind': 1, 'xref': 0, 'page': 1276, 'zoom': 0.0}",1,1276,"Point(0.0, 792.0)",0,0.0,F,9,,article,2,Electric Utility Service,,F,23-9F,https://ldc.aura-atx.org/pdf/plain-code.pdf#page=1277,1283,6
239,3,Division 23-9F-2: Regulatory Standards,1281,"{'to': Point(0.0, 792.0), 'kind': 1, 'xref': 0, 'page': 1280, 'zoom': 0.0}",1,1280,"Point(0.0, 792.0)",0,0.0,F,9,2,division,3,Regulatory Standards,,2,23-9F-2,https://ldc.aura-atx.org/pdf/plain-code.pdf#page=1281,1283,2
240,1,Chapter 23-10: Technical Codes,1283,"{'to': Point(0.0, 792.0), 'kind': 1, 'xref': 0, 'page': 1282, 'zoom': 0.0}",1,1282,"Point(0.0, 792.0)",0,0.0,,10,,chapter,1,Technical Codes,,10,23-10,https://ldc.aura-atx.org/pdf/plain-code.pdf#page=1283,1315,32
241,2,Article 23-10A: Introduction,1287,"{'to': Point(0.0, 792.0), 'kind': 1, 'xref': 0, 'page': 1286, 'zoom': 0.0}",1,1286,"Point(0.0, 792.0)",0,0.0,A,10,,article,2,Introduction,,A,23-10A,https://ldc.aura-atx.org/pdf/plain-code.pdf#page=1287,1289,2
242,2,Article 23-10B: Technical Codes,1289,"{'to': Point(0.0, 792.0), 'kind': 1, 'xref': 0, 'page': 1288, 'zoom': 0.0}",1,1288,"Point(0.0, 792.0)",0,0.0,B,10,,article,2,Technical Codes,,B,23-10B,https://ldc.aura-atx.org/pdf/plain-code.pdf#page=1289,1315,26
243,3,Division 23-10B-1: Building Code,1291,"{'to': Point(0.0, 792.0), 'kind': 1, 'xref': 0, 'page': 1290, 'zoom': 0.0}",1,1290,"Point(0.0, 792.0)",0,0.0,B,10,1,division,3,Building Code,,1,23-10B-1,https://ldc.aura-atx.org/pdf/plain-code.pdf#page=1291,1293,2
244,3,Division 23-10B-2: Food Establishments,1293,"{'to': Point(0.0, 792.0), 'kind': 1, 'xref': 0, 'page': 1292, 'zoom': 0.0}",1,1292,"Point(0.0, 792.0)",0,0.0,B,10,2,division,3,Food Establishments,,2,23-10B-2,https://ldc.aura-atx.org/pdf/plain-code.pdf#page=1293,1295,2
245,3,Division 23-10B-3: Reserved,1295,"{'to': Point(0.0, 792.0), 'kind': 1, 'xref': 0, 'page': 1294, 'zoom': 0.0}",1,1294,"Point(0.0, 792.0)",0,0.0,B,10,3,division,3,Reserved,,3,23-10B-3,https://ldc.aura-atx.org/pdf/plain-code.pdf#page=1295,1297,2
246,3,Division 23-10B-4: Electrical Code,1297,"{'to': Point(0.0, 792.0), 'kind': 1, 'xref': 0, 'page': 1296, 'zoom': 0.0}",1,1296,"Point(0.0, 792.0)",0,0.0,B,10,4,division,3,Electrical Code,,4,23-10B-4,https://ldc.aura-atx.org/pdf/plain-code.pdf#page=1297,1299,2
247,3,Division 23-10B-5: Mechanical Code,1299,"{'to': Point(0.0, 792.0), 'kind': 1, 'xref': 0, 'page': 1298, 'zoom': 0.0}",1,1298,"Point(0.0, 792.0)",0,0.0,B,10,5,division,3,Mechanical Code,,5,23-10B-5,https://ldc.aura-atx.org/pdf/plain-code.pdf#page=1299,1303,4
248,3,Division 23-10B-7: Fire Code,1303,"{'to': Point(0.0, 792.0), 'kind': 1, 'xref': 0, 'page': 1302, 'zoom': 0.0}",1,1302,"Point(0.0, 792.0)",0,0.0,B,10,7,division,3,Fire Code,,7,23-10B-7,https://ldc.aura-atx.org/pdf/plain-code.pdf#page=1303,1305,2
249,3,Division 23-10B-8: Solar Energy Code,1305,"{'to': Point(0.0, 792.0), 'kind': 1, 'xref': 0, 'page': 1304, 'zoom': 0.0}",1,1304,"Point(0.0, 792.0)",0,0.0,B,10,8,division,3,Solar Energy Code,,8,23-10B-8,https://ldc.aura-atx.org/pdf/plain-code.pdf#page=1305,1307,2
250,3,Division 23-10B-9: Property Maintenance Code,1307,"{'to': Point(0.0, 792.0), 'kind': 1, 'xref': 0, 'page': 1306, 'zoom': 0.0}",1,1306,"Point(0.0, 792.0)",0,0.0,B,10,9,division,3,Property Maintenance Code,,9,23-10B-9,https://ldc.aura-atx.org/pdf/plain-code.pdf#page=1307,1309,2
251,3,Division 23-10B-10: Reserved,1309,"{'to': Point(0.0, 792.0), 'kind': 1, 'xref': 0, 'page': 1308, 'zoom': 0.0}",1,1308,"Point(0.0, 792.0)",0,0.0,B,10,10,division,3,Reserved,,10,23-10B-10,https://ldc.aura-atx.org/pdf/plain-code.pdf#page=1309,1311,2
252,3,Division 23-10B-11: Residential Code,1311,"{'to': Point(0.0, 792.0), 'kind': 1, 'xref': 0, 'page': 1310, 'zoom': 0.0}",1,1310,"Point(0.0, 792.0)",0,0.0,B,10,11,division,3,Residential Code,,11,23-10B-11,https://ldc.aura-atx.org/pdf/plain-code.pdf#page=1311,1313,2
253,3,Division 23-10B-12: Energy Code,1313,"{'to': Point(0.0, 792.0), 'kind': 1, 'xref': 0, 'page': 1312, 'zoom': 0.0}",1,1312,"Point(0.0, 792.0)",0,0.0,B,10,12,division,3,Energy Code,,12,23-10B-12,https://ldc.aura-atx.org/pdf/plain-code.pdf#page=1313,1315,2
254,1,Chapter 23-11: Airport Hazard & Compatible Land Use,1315,"{'to': Point(0.0, 792.0), 'kind': 1, 'xref': 0, 'page': 1314, 'zoom': 0.0}",1,1314,"Point(0.0, 792.0)",0,0.0,,11,,chapter,1,Airport Hazard & Compatible Land Use,,11,23-11,https://ldc.aura-atx.org/pdf/plain-code.pdf#page=1315,1331,16
255,2,Article 23-11A: General Provisions,1319,"{'to': Point(0.0, 792.0), 'kind': 1, 'xref': 0, 'page': 1318, 'zoom': 0.0}",1,1318,"Point(0.0, 792.0)",0,0.0,A,11,,article,2,General Provisions,,A,23-11A,https://ldc.aura-atx.org/pdf/plain-code.pdf#page=1319,1331,12
256,3,Division 23-11A-1: Height Limits and Airport Hazards ,1321,"{'to': Point(0.0, 792.0), 'kind': 1, 'xref': 0, 'page': 1320, 'zoom': 0.0}",1,1320,"Point(0.0, 792.0)",0,0.0,A,11,1,division,3,Height Limits and Airport Hazards ,,1,23-11A-1,https://ldc.aura-atx.org/pdf/plain-code.pdf#page=1321,1323,2
257,3,Division 23-11A-2: Compatible Land Uses,1323,"{'to': Point(0.0, 792.0), 'kind': 1, 'xref': 0, 'page': 1322, 'zoom': 0.0}",1,1322,"Point(0.0, 792.0)",0,0.0,A,11,2,division,3,Compatible Land Uses,,2,23-11A-2,https://ldc.aura-atx.org/pdf/plain-code.pdf#page=1323,1327,4
258,3,"Division 23-11A-3: Nonconforming Uses, Structures, and Objects; Marking and Lighting",1327,"{'to': Point(0.0, 792.0), 'kind': 1, 'xref': 0, 'page': 1326, 'zoom': 0.0}",1,1326,"Point(0.0, 792.0)",0,0.0,A,11,3,division,3,"Nonconforming Uses, Structures, and Objects; Marking and Lighting",,3,23-11A-3,https://ldc.aura-atx.org/pdf/plain-code.pdf#page=1327,1329,2
259,3,Division 23-11A-4: Permits ,1329,"{'to': Point(0.0, 792.0), 'kind': 1, 'xref': 0, 'page': 1328, 'zoom': 0.0}",1,1328,"Point(0.0, 792.0)",0,0.0,A,11,4,division,3,Permits ,,4,23-11A-4,https://ldc.aura-atx.org/pdf/plain-code.pdf#page=1329,1331,2
260,1,Chapter 23-12: Definitions & Measurements,1331,"{'to': Point(0.0, 792.0), 'kind': 1, 'xref': 0, 'page': 1330, 'zoom': 0.0}",1,1330,"Point(0.0, 792.0)",0,0.0,,12,,chapter,1,Definitions & Measurements,,12,23-12,https://ldc.aura-atx.org/pdf/plain-code.pdf#page=1331,1366,35
261,2,Article 23-12A: Definitions and Measurements,1335,"{'to': Point(0.0, 792.0), 'kind': 1, 'xref': 0, 'page': 1334, 'zoom': 0.0}",1,1334,"Point(0.0, 792.0)",0,0.0,A,12,,article,2,Definitions and Measurements,,A,23-12A,https://ldc.aura-atx.org/pdf/plain-code.pdf#page=1335,1366,31
262,3,Division 23-12A-1: General Definitions,1337,"{'to': Point(0.0, 792.0), 'kind': 1, 'xref': 0, 'page': 1336, 'zoom': 0.0}",1,1336,"Point(0.0, 792.0)",0,0.0,A,12,1,division,3,General Definitions,,1,23-12A-1,https://ldc.aura-atx.org/pdf/plain-code.pdf#page=1337,1366,29
